{
  "title": "Panel_Cut_Kal_limousine_book_wg_1_final",
  "n": 1,
  "group_col": "cow_id",
  "time_col": "pred_date",
  "entity_effects": true,
  "time_effects": false,
  "independent_variables": [
    "hasBEF_dmi",
    "mw_ratio_dmi",
    "tdn_silage",
    "tdn_rumput",
    "tdn_slobber",
    "day_diff_2_dmi"
  ],
  "dependent_variable": "pred_weight_gain",
  "summary": {
    "r2": 0.5898883403841113,
    "r2_within": 0.5898883403841113,
    "r2_between": 0.882077722544817,
    "r2_overall": 0.8792829356616373,
    "f_statistic": 62.3289474560483,
    "f_pvalue": 1.1102230246251565e-16,
    "n_entities": 19,
    "n_obs": 285,
    "mean_fixed_effect": 9.422552672984153
  },
  "coefficients": {
    "hasBEF_dmi": -0.00311737222629284,
    "mw_ratio_dmi": -0.1107279110142427,
    "tdn_silage": 0.48540559227536506,
    "tdn_rumput": 0.6808615838324402,
    "tdn_slobber": 0.35147696995130834,
    "day_diff_2_dmi": -0.00023383373374415167
  },
  "std_errors": {
    "hasBEF_dmi": 0.006260380114878327,
    "mw_ratio_dmi": 0.019342971570623355,
    "tdn_silage": 0.10970145221890143,
    "tdn_rumput": 0.15043914482714726,
    "tdn_slobber": 0.07271176107510244,
    "day_diff_2_dmi": 6.404146739061678e-05
  },
  "pvalues": {
    "hasBEF_dmi": 0.6189384016847375,
    "mw_ratio_dmi": 2.854203717816972e-08,
    "tdn_silage": 1.4211238383188274e-05,
    "tdn_rumput": 9.16192439182062e-06,
    "tdn_slobber": 2.2931330843078968e-06,
    "day_diff_2_dmi": 0.00031543115022136803
  },
  "diagnostics": {
    "residual_normality": {
      "anderson_darling_stat": 1.2457837568207992,
      "pvalue": 0.0030023131615097252
    },
    "durbin_watson": 0.7312300549813268,
    "n_entities": 19,
    "n_obs": 285,
    "mean_fixed_effect": 9.422552672984153
  },
  "cross_validation": null
}