{
  "title": "Panel_Cut_Kal_limousine_book_wg_1_final",
  "n": 1,
  "group_col": "cow_id",
  "time_col": "pred_date",
  "entity_effects": true,
  "time_effects": false,
  "independent_variables": [
    "hasBEF_dmi",
    "mw_ratio_dmi",
    "tdn_silage",
    "tdn_rumput",
    "tdn_slobber",
    "day_diff_2_dmi"
  ],
  "dependent_variable": "pred_weight_gain",
  "summary": {
    "r2": 0.5584712950349258,
    "r2_within": 0.5584712950349258,
    "r2_between": 0.8600065589875059,
    "r2_overall": 0.8660421602837299,
    "f_statistic": 44.05923456004683,
    "f_pvalue": 1.1102230246251565e-16,
    "n_entities": 16,
    "n_obs": 231,
    "mean_fixed_effect": 9.713955557670559
  },
  "coefficients": {
    "hasBEF_dmi": -0.004330448212350462,
    "mw_ratio_dmi": -0.10691872609541486,
    "tdn_silage": 0.4875564150723671,
    "tdn_rumput": 0.6944579525401372,
    "tdn_slobber": 0.3573590590455528,
    "day_diff_2_dmi": -0.0002532656468616886
  },
  "std_errors": {
    "hasBEF_dmi": 0.0064590912750957345,
    "mw_ratio_dmi": 0.022777802596101522,
    "tdn_silage": 0.12411515967991196,
    "tdn_rumput": 0.17070060762876282,
    "tdn_slobber": 0.08702220379053142,
    "day_diff_2_dmi": 7.405635269127497e-05
  },
  "pvalues": {
    "hasBEF_dmi": 0.5033160115715818,
    "mw_ratio_dmi": 4.843663598430581e-06,
    "tdn_silage": 0.0001162382277262175,
    "tdn_rumput": 6.711786206525794e-05,
    "tdn_slobber": 5.762196227276917e-05,
    "day_diff_2_dmi": 0.000753203049493445
  },
  "diagnostics": {
    "residual_normality": {
      "anderson_darling_stat": 1.039349464897498,
      "pvalue": 0.00966507513373533
    },
    "durbin_watson": 0.7146316801108805,
    "n_entities": 16,
    "n_obs": 231,
    "mean_fixed_effect": 9.713955557670559
  },
  "cross_validation": null
}