{
  "title": "weight_test",
  "n": 3,
  "formula": "pred_adgLatest_average ~ weight",
  "independent_variables": [
    "weight"
  ],
  "dependent_variable": "pred_adgLatest_average",
  "summary": {
    "r_squared": 0.0008581971927573706,
    "adj_r_squared": -0.009885263052481719,
    "f_statistic": 0.07988089248412518,
    "f_pvalue": 0.7780869743903841,
    "aic": 176.89680320849538,
    "bic": 182.00455699169646,
    "n_observations": 95
  },
  "coefficients": {
    "Intercept": {
      "value": 0.9041827152749885,
      "std_err": 0.2767938992262758,
      "t_stat": 3.2666280499767435,
      "p_value": 0.0015250239041437934,
      "conf_int_lower": 0.3545248879915951,
      "conf_int_upper": 1.4538405425583818
    },
    "weight": {
      "value": 0.00015013497107633497,
      "std_err": 0.0005312028670902668,
      "t_stat": 0.2826320797150793,
      "p_value": 0.7780869743904649,
      "conf_int_lower": -0.0009047286461772203,
      "conf_int_upper": 0.00120499858832989
    }
  },
  "diagnostics": {
    "normality": {
      "anderson_darling_stat": 0.3068871599867862,
      "pvalue": 0.5572550028644327
    },
    "breusch_pagan": {
      "lm_stat": 2.8512677216265345,
      "lm_pvalue": 0.09130191626126487,
      "f_stat": 2.8776076626883778,
      "f_pvalue": 0.0931643426952937
    },
    "white_test": {
      "stat": 3.8281295654283287,
      "pvalue": 0.14747969366990935,
      "f_stat": 1.9314505578348848,
      "f_pvalue": 0.1507696513784489
    },
    "durbin_watson": 2.0061733113354188,
    "vif": {
      "Intercept": 19.718277910380767,
      "weight": 1.0
    },
    "reset": {
      "fvalue": NaN,
      "pvalue": 0.00017160794911212594
    },
    "influence": {
      "cooks_distance_max": 0.09824192963882145,
      "cooks_distance_mean": 0.011738215775789457,
      "leverage_max": 0.0731935569094421,
      "leverage_mean": 0.021052631578947368,
      "cooks_distance_array": [
        1.151930005924854e-05,
        0.0038516715632639503,
        0.001397142736133234,
        0.00031189460727822804,
        0.0065253332473443225,
        0.0006421676399874287,
        0.00032849196196090566,
        2.1206202990305303e-05,
        0.006347715365209687,
        0.0020203499873586773,
        0.00031052411061328395,
        0.019401758899986944,
        0.0023602850563286424,
        0.0016985871501381832,
        0.00690849858028153,
        1.1886818447224564e-06,
        0.010622185967561789,
        0.001876754649326364,
        0.04734401047419118,
        0.011836428151618698,
        0.014171120827209113,
        5.158216465120024e-05,
        0.09763596592289837,
        0.0014988999053425081,
        0.06968228365471756,
        0.000602228791993247,
        0.03689374912098352,
        3.518172596611362e-05,
        0.017209982390361294,
        0.004511484538568122,
        0.09824192963882145,
        0.0009312323715902395,
        0.004265359746842728,
        0.005341800566658662,
        0.0045370420326631125,
        0.000963165726587702,
        0.001943687834685777,
        0.0018715337074487804,
        0.003965607269047005,
        0.035529890141230154,
        0.04394919360894597,
        0.0008143515024112357,
        0.022267015364620283,
        0.002046434577101692,
        0.00233573156466969,
        0.0001281856783697629,
        0.005957501671762376,
        0.004430323595052455,
        0.022151091683420058,
        0.01018701908616973,
        0.003863734656251814,
        0.005287834492211105,
        0.0033011867515333197,
        0.001888965328759093,
        0.004573644942443728,
        1.5824644112951177e-05,
        0.02509958334977741,
        0.01323119449195965,
        0.01786588579917426,
        0.011290603104056053,
        0.011526230770153773,
        0.0052761092481445945,
        0.009561287722136774,
        0.007775486573107808,
        0.010049545668524966,
        0.003964990856044292,
        0.0026344438661999882,
        0.0006801948085750591,
        0.0414422113161534,
        0.04069085373324506,
        0.006104887993298646,
        0.037369863418625325,
        0.08064830720224359,
        0.004430348226249438,
        0.003203274297961101,
        0.006366332741651307,
        3.417653767403884e-05,
        0.004591690928655924,
        0.004650029104269091,
        0.011445073960556332,
        0.0029801520321572116,
        0.014517227669565955,
        0.003966930158409172,
        3.891207298667116e-06,
        0.0001060002485533271,
        0.0019547071155900167,
        0.011689629344703904,
        2.9304406355457677e-07,
        0.0055295361864493575,
        0.016576403580203083,
        0.000819589450459428,
        0.00015533393167986237,
        0.020565861344886714,
        0.0047223556737984364,
        0.014710500434162329
      ],
      "leverage_array": [
        0.020406419749475026,
        0.015944145108677293,
        0.011919181021616883,
        0.010902570842132612,
        0.010532372387723978,
        0.012618506461869827,
        0.015155205972789607,
        0.019998682423425937,
        0.015139815035417042,
        0.011318210241483,
        0.010669488246300624,
        0.010624184098961844,
        0.010556799209119047,
        0.012274055328070877,
        0.014199175404745929,
        0.015580972820565083,
        0.022989663840115804,
        0.02066886232967289,
        0.03284982133654476,
        0.03332258226487086,
        0.041468110639140215,
        0.03702618786055247,
        0.04293069420127402,
        0.04592427485288963,
        0.03979946273198495,
        0.04116128005319755,
        0.032021588779054734,
        0.03151189378543178,
        0.035345740355448664,
        0.03214996809895187,
        0.04177647013946909,
        0.04494415543399942,
        0.020233369172325766,
        0.014509682225095643,
        0.011112252196245963,
        0.010691176299214917,
        0.010906975322602572,
        0.011895104643492967,
        0.013447353884350643,
        0.019005058667046573,
        0.018904005473035834,
        0.011583364230641114,
        0.010527389736208493,
        0.0137875015264983,
        0.018924741173225876,
        0.022627174735326695,
        0.03005112592983538,
        0.03496961293198868,
        0.0230874648722887,
        0.014790372800838898,
        0.01392579907495713,
        0.010973467406912999,
        0.010924225097992051,
        0.011648553518956134,
        0.015519002299378921,
        0.017691644361226055,
        0.013724944787348797,
        0.010527389736208493,
        0.012993918111989548,
        0.020868747366029554,
        0.031291952611095165,
        0.03524376981280622,
        0.04830872748330586,
        0.05522746621976442,
        0.012018794219683333,
        0.01070561246978788,
        0.013307309752378513,
        0.018373221117184542,
        0.022723545830202606,
        0.038214725267457963,
        0.03968871139261497,
        0.05285662334146081,
        0.0731935569094421,
        0.014400081594974207,
        0.01293954186949806,
        0.0117302747975909,
        0.010579166421897532,
        0.011534451443004986,
        0.01242332243490488,
        0.013737762320401832,
        0.014414185830187012,
        0.015627142816261517,
        0.011133607509108313,
        0.01072979184845992,
        0.01209607158795081,
        0.015095911051779324,
        0.0180664758285708,
        0.019577983524494864,
        0.02525704749597986,
        0.01702276684862861,
        0.011640981771631366,
        0.010529966359295151,
        0.013925799074957126,
        0.010527637178931524,
        0.01227405532807088
      ],