{
  "title": "book_wg_2",
  "n": 2,
  "formula": "pred_weight_gain ~ metabolic_weight_Limousin + metabolic_weight_Simental + tdn_slobber_over_mw + total_tdn_mw_2 + day_diff_2",
  "independent_variables": [
    "metabolic_weight_Limousin",
    "metabolic_weight_Simental",
    "tdn_slobber_over_mw",
    "total_tdn_mw_2",
    "day_diff_2"
  ],
  "dependent_variable": "pred_weight_gain",
  "summary": {
    "r_squared": 0.43385199215255865,
    "adj_r_squared": 0.4151053693761534,
    "f_statistic": 23.142941388814222,
    "f_pvalue": 3.290521328103853e-17,
    "aic": 1081.4786708073611,
    "bic": 1099.816145639451,
    "n_observations": 157
  },
  "coefficients": {
    "Intercept": {
      "value": 52.25726152211695,
      "std_err": 6.321640752232471,
      "t_stat": 8.266407973857488,
      "p_value": 6.580197405945051e-14,
      "conf_int_lower": 39.766970527151756,
      "conf_int_upper": 64.74755251708214
    },
    "metabolic_weight_Limousin": {
      "value": -0.08250232553828954,
      "std_err": 0.036118737520184546,
      "t_stat": -2.2841973779450084,
      "p_value": 0.023753642114597052,
      "conf_int_lower": -0.15386568825999367,
      "conf_int_upper": -0.011138962816585413
    },
    "metabolic_weight_Simental": {
      "value": -0.12204497628100479,
      "std_err": 0.03896188964584987,
      "t_stat": -3.1324193305394448,
      "p_value": 0.002082721869122694,
      "conf_int_lower": -0.19902583591282247,
      "conf_int_upper": -0.04506411664918711
    },
    "tdn_slobber_over_mw": {
      "value": -37.31930752564133,
      "std_err": 7.037221081322119,
      "t_stat": -5.303131320499875,
      "p_value": 3.9761879341393335e-07,
      "conf_int_lower": -51.223441364720415,
      "conf_int_upper": -23.41517368656224
    },
    "total_tdn_mw_2": {
      "value": 17.261769736540007,
      "std_err": 1.8078692122757383,
      "t_stat": 9.548129709455566,
      "p_value": 3.399373250920351e-17,
      "conf_int_lower": 13.689783692538992,
      "conf_int_upper": 20.833755780541022
    },
    "day_diff_2": {
      "value": -0.052779400471583506,
      "std_err": 0.00871485423233259,
      "t_stat": -6.056257404256863,
      "p_value": 1.0598501427235904e-08,
      "conf_int_lower": -0.06999820008497462,
      "conf_int_upper": -0.03556060085819239
    }
  },
  "diagnostics": {
    "normality": {
      "anderson_darling_stat": 2.1384445820360156,
      "pvalue": 1.8676811382925585e-05
    },
    "breusch_pagan": {
      "lm_stat": 10.573455823122817,
      "lm_pvalue": 0.06052460076266795,
      "f_stat": 2.180740982813785,
      "f_pvalue": 0.0591941991055709
    },
    "white_test": {
      "stat": 20.279389223267103,
      "pvalue": 0.3779455477942685,
      "f_stat": 1.0695173817010877,
      "f_pvalue": 0.3888303072750571
    },
    "durbin_watson": 1.5266400974386727,
    "vif": {
      "Intercept": 113.42574814206705,
      "metabolic_weight_Limousin": 7.535323869402935,
      "metabolic_weight_Simental": 7.0867727069364195,
      "tdn_slobber_over_mw": 3.185161529753378,
      "total_tdn_mw_2": 3.2691642253457416,
      "day_diff_2": 1.8187009381276864
    },
    "reset": {
      "fvalue": NaN,
      "pvalue": 0.7321838117715991
    },
    "influence": {
      "cooks_distance_max": 0.17178423489160996,
      "cooks_distance_mean": 0.007677641629545935,
      "leverage_max": 0.22968061180070337,
      "leverage_mean": 0.03821656050955413,
      "cooks_distance_array": [
        0.09378907625798709,
        0.004802432294406922,
        0.011214198851599591,
        0.002027011104325559,
        0.0012885270799732923,
        0.0006831234200268515,
        1.9184693733364294e-05,
        0.0015405522507645861,
        0.006347279633842316,
        0.000334588912524509,
        2.0849106392299105e-05,
        2.7459463306332873e-05,
        1.0867057896818797e-05,
        0.011827127816651415,
        0.0015336718063073786,
        0.01686894604193389,
        0.007170993012064402,
        0.007722794440253666,
        0.007855002626668432,
        0.004980855147647609,
        0.0026835672377924368,
        0.00022431574595670084,
        0.0005991660544913932,
        0.0005862326490737638,
        0.0007142576520080274,
        0.0023938980506718593,
        0.05804478989459071,
        0.00038775366002472976,
        0.0011390822542744307,
        0.019121490565831626,
        0.0708275345883282,
        0.01107255303627707,
        0.00021871411376227725,
        0.002546875599278866,
        5.4411523561528175e-05,
        6.866945077935014e-05,
        0.016421345652694243,
        0.0005702983797848337,
        0.001106986764129744,
        0.0029155420284767727,
        5.010465958967107e-05,
        5.433542121268361e-05,
        5.77975343115752e-07,
        0.001217855957882328,
        0.0057070270639503875,
        1.826759478700647e-07,
        1.337003525284129e-05,
        0.0009930821771819748,
        0.0018674924890580346,
        0.02034903920271722,
        0.0025401946219659357,
        7.375053113372625e-05,
        0.0028891516765852617,
        0.07164662310130226,
        0.17178423489160996,
        0.011556782756249405,
        0.005146119614209463,
        0.0007876445414576223,
        0.0040369822819199454,
        0.0012701007092689775,
        3.401898610282822e-05,
        0.0007693515036736169,
        0.001223607891368992,
        0.00039894841684444957,
        0.008004681013178685,
        0.0009311829671542716,
        0.00011146222432518111,
        0.00022798686440139598,
        0.005783687357671766,
        0.0067289277148429374,
        0.023482952538849883,
        0.0047961120909751145,
        0.004957577895247852,
        0.002340978729484094,
        0.00040875679048040523,
        0.0006427159046974471,
        0.0014070446974271949,
        0.00022825297489168975,
        0.0020422225226191778,
        0.00105202779763655,
        0.0009968260101439741,
        0.0002584172555190874,
        0.004426284148984979,
        0.002279890167893001,
        0.0005201206771429955,
        0.0008161762872256002,
        0.0005556399692514025,
        0.00010075719060011127,
        0.0002687815376081766,
        0.0018034808834184758,
        0.0008911737932824627,
        1.3236029631607155e-05,
        1.4250336700617165e-05,
        4.884718045771022e-05,
        0.0010778061946345892,
        0.0026709631805076624,
        0.05029112276456453,
        0.01678942308606301,
        0.003011339333594139,
        0.0038992793300021934,
        0.0019099637228238403,
        0.0003185468728209157,
        0.0008112227986526248,
        4.927094075099615e-05,
        0.0021409263768162315,
        0.0012923957157286435,
        0.00018264476257135633,
        1.2041116656600222e-06,
        0.08489138345079382,
        0.0011245232061244518,
        0.0026787293314551658,
        0.00014976932608228157,
        5.512641850531094e-08,
        0.00041079206682127035,
        0.0007710274921585544,
        0.00011120579994806894,
        0.00248168876776981,
        0.0001919597591326188,
        0.00039185464132511776,
        0.0005056005828426497,
        7.018338590913684e-05,
        0.006764267215825256,
        0.002532371914342808,
        0.0012370398192573574,
        8.457277446456384e-05,
        3.6642355857845025e-07,
        1.068758434088627e-05,
        0.0007183158011984793,
        1.4321634853039615e-05,
        3.1192185020832504e-07,
        0.00015196105318254763,
        0.006070346701375969,
        0.005744705612913714,
        0.01607116387930655,
        0.0029954056798907366,
        0.002426541134968408,
        0.0022996933340418925,
        1.890392913238208e-05,
        1.9422362394907096e-06,
        0.0009241418816392577,
        0.0006008168905661068,
        0.001999555143041,
        8.45688961569469e-05,
        0.00047110327255275847,
        0.0032860229621264818,
        0.0020610791862676306,
        0.004721900610286973,
        0.1414970546289688,
