{
  "title": "book_wg_2",
  "n": 3,
  "formula": "pred_weight_gain ~ metabolic_weight_Limousin + metabolic_weight_Simental + tdn_slobber_over_mw + total_tdn_mw_2 + day_diff_2",
  "independent_variables": [
    "metabolic_weight_Limousin",
    "metabolic_weight_Simental",
    "tdn_slobber_over_mw",
    "total_tdn_mw_2",
    "day_diff_2"
  ],
  "dependent_variable": "pred_weight_gain",
  "summary": {
    "r_squared": 0.5577351308879257,
    "adj_r_squared": 0.5334348633542952,
    "f_statistic": 22.951810308921328,
    "f_pvalue": 7.767350220175703e-15,
    "aic": 702.5906259706375,
    "bic": 718.0388918416578,
    "n_observations": 97
  },
  "coefficients": {
    "Intercept": {
      "value": 88.42302963237728,
      "std_err": 11.15128237571073,
      "t_stat": 7.929404588029869,
      "p_value": 5.360787670587097e-12,
      "conf_int_lower": 66.27237707879452,
      "conf_int_upper": 110.57368218596004
    },
    "metabolic_weight_Limousin": {
      "value": -0.121920732274472,
      "std_err": 0.05595935818788897,
      "t_stat": -2.178737144645429,
      "p_value": 0.03193495733430873,
      "conf_int_lower": -0.23307712295482305,
      "conf_int_upper": -0.010764341594120957
    },
    "metabolic_weight_Simental": {
      "value": -0.17662877102216104,
      "std_err": 0.05995787858623854,
      "t_stat": -2.9458809281938247,
      "p_value": 0.004088912562697922,
      "conf_int_lower": -0.2957277312732705,
      "conf_int_upper": -0.05752981077105157
    },
    "tdn_slobber_over_mw": {
      "value": -36.74400421655801,
      "std_err": 7.4567407083373665,
      "t_stat": -4.927622624114395,
      "p_value": 3.713239721678985e-06,
      "conf_int_lower": -51.55590360602265,
      "conf_int_upper": -21.93210482709337
    },
    "total_tdn_mw_2": {
      "value": 12.025791104213246,
      "std_err": 1.262482935348796,
      "t_stat": 9.525507844500716,
      "p_value": 2.50834431593691e-15,
      "conf_int_lower": 9.518023843593042,
      "conf_int_upper": 14.53355836483345
    },
    "day_diff_2": {
      "value": -0.05096047313197012,
      "std_err": 0.008779640281035688,
      "t_stat": -5.8043919227586604,
      "p_value": 9.320836918667324e-08,
      "conf_int_lower": -0.06840015001023286,
      "conf_int_upper": -0.03352079625370738
    }
  },
  "diagnostics": {
    "normality": {
      "anderson_darling_stat": 0.41607858328339375,
      "pvalue": 0.3264026970023347
    },
    "breusch_pagan": {
      "lm_stat": 17.59904327605167,
      "lm_pvalue": 0.003493257685285256,
      "f_stat": 4.033989020280069,
      "f_pvalue": 0.0023690165184871493
    },
    "white_test": {
      "stat": 37.79381932371649,
      "pvalue": 0.0063035394966480815,
      "f_stat": 2.5869668323611092,
      "f_pvalue": 0.0017991454083269385
    },
    "durbin_watson": 1.0977166686638795,
    "vif": {
      "Intercept": 156.39026605475948,
      "metabolic_weight_Limousin": 7.883427386005336,
      "metabolic_weight_Simental": 7.371345716585572,
      "tdn_slobber_over_mw": 2.6890581437055623,
      "total_tdn_mw_2": 2.763631633273508,
      "day_diff_2": 1.2579094693266115
    },
    "reset": {
      "fvalue": NaN,
      "pvalue": 0.4764644877195646
    },
    "influence": {
      "cooks_distance_max": 0.1372687357419815,
      "cooks_distance_mean": 0.011581913010378503,
      "leverage_max": 0.48020676294516174,
      "leverage_mean": 0.06185567010309284,
      "cooks_distance_array": [
        0.1002181828825491,
        0.0405398955897222,
        0.005246989865896614,
        0.002663997015261154,
        0.000262772297664758,
        0.01734711117442202,
        0.0004838346768898151,
        1.80394059656378e-05,
        0.0012598276545717785,
        0.011319930715613434,
        0.04288211268100024,
        0.019985464221081342,
        0.02456610921756281,
        0.012066790961149997,
        0.00013286416869840047,
        0.002002078113051508,
        0.0022291530311437137,
        0.000948301693802582,
        0.051446162302418566,
        0.0011643203214305672,
        0.1372687357419815,
        0.0007188347356596363,
        0.00042292016521846404,
        6.038059290625219e-05,
        1.9164070782448857e-06,
        0.0064486317519101485,
        0.0038658517597950207,
        0.0020996370274380546,
        0.002232949540836959,
        0.0021210270116950865,
        0.05822828941450851,
        0.0004019380016104897,
        0.000524344411179203,
        0.002510538616595433,
        0.0020377858673881898,
        0.0033336425846013,
        0.00031762465557470007,
        0.004592204530191981,
        0.005022552430115164,
        0.009399683346723793,
        1.3836465966195494e-07,
        0.0069250280963109945,
        0.018625010352182426,
        0.01984316274378107,
        0.01148146997527169,
        0.0016200832314914578,
        0.0020547323497299725,
        0.004071334575614713,
        0.0074833821012530955,
        0.00046355865970522104,
        0.006925642139638814,
        0.003235216749978923,
        0.0026142461490268856,
        0.0005634126569465823,
        0.0015177181167202825,
        0.006442837597491182,
        6.160471075408289e-06,
        0.0001305898834894456,
        0.01637139770173557,
        0.06283281225439276,
        0.009198408337459685,
        0.005117257716729291,
        7.780285054029848e-05,
        9.081176073434262e-05,
        0.004028445772233751,
        0.007069407904089817,
        0.0065943013039741006,
        0.003399630053769631,
        3.1231804759015035e-05,
        0.001290774889088328,
        0.0016787880471579976,
        0.006448234594514187,
        0.001553625682853966,
        0.0005896941688868251,
        0.0038730960803965964,
        0.0037812489590806618,
        7.080373152644187e-05,
        7.745019907682278e-07,
        0.0026131766818539176,
        0.0006434790441197529,
        0.0007819174346848751,
        0.021379597215400482,
        0.025486003791884607,
        0.006113652517144824,
        0.00015440165377432979,
        0.00046574186526068947,
        0.0024351977314542974,
        0.0018882492807750205,
        0.0005856550083581879,
        0.009363710502349609,
        0.007260949243470866,
        0.08532272341107555,
        0.013544416525192313,
        0.017496140136305283,
        0.0883125851860895,
        0.021012967484537022,
        0.012089298379797341
      ],