{
  "title": "Limousin_limousine_book_adg_1",
  "n": 1,
  "group_col": "cow_id",
  "time_col": "pred_date",
  "entity_effects": true,
  "time_effects": false,
  "independent_variables": [
    "mw_dmi_dt",
    "tdn_silage_dt",
    "tdn_rumput_dt",
    "tdn_slobber_dt",
    "day_diff_dmi"
  ],
  "dependent_variable": "pred_adgLatest_average",
  "summary": {
    "r2": 0.5055737594167241,
    "r2_within": 0.5055737594167241,
    "r2_between": 0.8404405304155586,
    "r2_overall": 0.8571061375731772,
    "f_statistic": 44.78753117215023,
    "f_pvalue": 1.1102230246251565e-16,
    "n_entities": 16,
    "n_obs": 240,
    "mean_fixed_effect": 0.9836460841074894
  },
  "coefficients": {
    "mw_dmi_dt": -0.00184511251033677,
    "tdn_silage_dt": 0.5084011574109536,
    "tdn_rumput_dt": 0.7411012272335801,
    "tdn_slobber_dt": 0.4062259440770796,
    "day_diff_dmi": -0.00019307769617814022
  },
  "std_errors": {
    "mw_dmi_dt": 0.0004841306315815654,
    "tdn_silage_dt": 0.1300313700110992,
    "tdn_rumput_dt": 0.18031425604934517,
    "tdn_slobber_dt": 0.1082767476365929,
    "day_diff_dmi": 3.0402684652265364e-05
  },
  "pvalues": {
    "mw_dmi_dt": 0.00017974012125909766,
    "tdn_silage_dt": 0.00012318029374425166,
    "tdn_rumput_dt": 5.592619586947123e-05,
    "tdn_slobber_dt": 0.00022489411978598994,
    "day_diff_dmi": 1.2212024724789217e-09
  },
  "diagnostics": {
    "residual_normality": {
      "anderson_darling_stat": 2.3482438936685526,
      "pvalue": 5.8350536680142305e-06
    },
    "durbin_watson": 1.2627967830104339,
    "n_entities": 16,
    "n_obs": 240,
    "mean_fixed_effect": 0.9836460841074894
  },
  "cross_validation": null
}