{
  "title": "_book_wg_1",
  "n": 1,
  "formula": "pred_weight_gain ~ metabolic_weight_Limousin + metabolic_weight_Simental + tdn_silage_over_mw + tdn_rumput_over_mw + tdn_slobber_over_mw + total_tdn_mw_2 + day_diff",
  "independent_variables": [
    "metabolic_weight_Limousin",
    "metabolic_weight_Simental",
    "tdn_silage_over_mw",
    "tdn_rumput_over_mw",
    "tdn_slobber_over_mw",
    "total_tdn_mw_2",
    "day_diff"
  ],
  "dependent_variable": "pred_weight_gain",
  "summary": {
    "r_squared": 0.8128787094298452,
    "adj_r_squared": 0.7899658983396222,
    "f_statistic": 35.47703973244483,
    "f_pvalue": 3.3393659635674415e-16,
    "aic": 202.02765810884594,
    "bic": 216.20511994399197,
    "n_observations": 56
  },
  "coefficients": {
    "Intercept": {
      "value": 37.64916500580023,
      "std_err": 18.374428721311354,
      "t_stat": 2.0489978533119406,
      "p_value": 0.04583698047474446,
      "conf_int_lower": 0.7243680510566506,
      "conf_int_upper": 74.57396196054381
    },
    "metabolic_weight_Limousin": {
      "value": 7.320366851136286e-13,
      "std_err": 9.80231179996568e-13,
      "t_stat": 0.7468000406967178,
      "p_value": 0.4587527643708874,
      "conf_int_lower": -1.2378116208694487e-12,
      "conf_int_upper": 2.701884991096706e-12
    },
    "metabolic_weight_Simental": {
      "value": -0.1829449661765278,
      "std_err": 0.019332169194699184,
      "t_stat": -9.463240484502418,
      "p_value": 1.2163778711342535e-12,
      "conf_int_lower": -0.221794414670188,
      "conf_int_upper": -0.1440955176828676
    },
    "tdn_silage_over_mw": {
      "value": 10.66348825927443,
      "std_err": 38.75490012721453,
      "t_stat": 0.27515199947028884,
      "p_value": 0.7843564009472184,
      "conf_int_lower": -67.21739935379271,
      "conf_int_upper": 88.54437587234158
    },
    "tdn_rumput_over_mw": {
      "value": -17.93706039003211,
      "std_err": 44.98415314032978,
      "t_stat": -0.39874175988323635,
      "p_value": 0.6918158760919162,
      "conf_int_lower": -108.33610060406835,
      "conf_int_upper": 72.46197982400415
    },
    "tdn_slobber_over_mw": {
      "value": -14.522418521755448,
      "std_err": 37.99381537457423,
      "t_stat": -0.3822311178432995,
      "p_value": 0.7039427923224475,
      "conf_int_lower": -90.87384906256003,
      "conf_int_upper": 61.829012019049124
    },
    "total_tdn_mw_2": {
      "value": 10.966168910823232,
      "std_err": 22.435733951268155,
      "t_stat": 0.4887813759354809,
      "p_value": 0.6271770895228526,
      "conf_int_lower": -34.120126464465,
      "conf_int_upper": 56.05246428611147
    },
    "day_diff": {
      "value": -0.9603350767329335,
      "std_err": 0.3566778434050683,
      "t_stat": -2.6924438803514628,
      "p_value": 0.009680230748663341,
      "conf_int_lower": -1.6771060384724195,
      "conf_int_upper": -0.24356411499344754
    }
  },
  "diagnostics": {
    "normality": {
      "anderson_darling_stat": 0.3888584635570993,
      "pvalue": 0.3736987322807775
    },
    "breusch_pagan": {
      "lm_stat": 27.013058360168603,
      "lm_pvalue": 0.0003314811872667922,
      "f_stat": 7.610552572803033,
      "f_pvalue": 8.420482408999722e-06
    },
    "white_test": {
      "stat": 45.57417227779785,
      "pvalue": 0.007187539887452058,
      "f_stat": 5.245531404369494,
      "f_pvalue": 1.4532457152039547e-05
    },
    "durbin_watson": 0.8288605008493598,
    "vif": {
      "Intercept": 9837.73245390878,
      "metabolic_weight_Limousin": NaN,
      "metabolic_weight_Simental": 1.8605153289790621,
      "tdn_silage_over_mw": 273.0199050720468,
      "tdn_rumput_over_mw": 149.84017212041394,
      "tdn_slobber_over_mw": 293.76074355545177,
      "total_tdn_mw_2": 363.8576667081938,
      "day_diff": 4.8878631800660255
    },
    "reset": {
      "fvalue": NaN,
      "pvalue": 5.647362873104219e-10
    },
    "influence": {
      "cooks_distance_max": 0.49551866625872315,
      "cooks_distance_mean": 0.037246903062939,
      "leverage_max": 0.7651435626233658,
      "leverage_mean": 0.125,
      "cooks_distance_array": [
        0.05622397357318452,
        0.006929473817399073,
        0.03493261144828889,
        0.017979113635594096,
        0.022168687957292137,
        0.08174682691309516,
        0.3695087023848137,
        0.002466982120526805,
        0.013879897328244474,
        0.025010697143050955,
        0.002314097808419337,
        0.004033615314965795,
        0.0016745684401678663,
        0.0004101689206714047,
        0.001023624796078664,
        0.004639772358344355,
        0.007813118844166475,
        0.0009588733306820647,
        0.0001642901214641941,
        3.596411828448148e-05,
        0.045096253859382006,
        0.11484077328230827,
        0.008767624920113569,
        0.006716632397827017,
        0.00721535213620706,
        0.008362129115538899,
        0.004207427663883339,
        4.626871573923629e-05,
        0.006721318398248056,
        0.0055125674510295205,
        0.49551866625872315,
        0.0005104105592542591,
        0.007021935676494376,
        0.003637028198206915,
        0.0016333846358510971,
        0.001690090914742966,
        9.1080915091425e-05,
        0.0009789104359433636,
        0.004439569234199159,
        0.0014031793443962366,
        0.000318762445022474,
        0.00023356633632898947,
        2.3389798108026935e-05,
        0.000139034291121661,
        0.013266729949220693,
        0.0001531519108284869,
        0.002588622280240427,
        0.009544857296139646,
        0.018337629080549575,
        0.020326176947640467,
        0.016737810692100005,
        0.015511903131137926,
        0.018627274280769476,
        0.3421315569097395,
        0.013533315461159334,
        0.23602712622656316
      ],
      "leverage_array": [
        0.20087198465088274,
        0.2196283501273673,
        0.14598908915820097,
        0.137113450192832,
        0.13413647750791174,
        0.1321635078000171,
        0.7651435626233658,
        0.12278501573272027,
        0.13932104950645952,
        0.11004953381769217,
        0.055978294875867474,
        0.05406475566032415,
        0.06543818969478316,
        0.054120243574969085,
        0.05891055794358624,
        0.05224449081235344,
        0.06562148476558671,
        0.05351000302850903,
        0.13666745611110653,
        0.11468167731240742,
        0.18456964737364046,
        0.18397766540366023,
        0.04559764421748791,
        0.0450487964923717,
        0.05259800383324742,
        0.05970662121984771,
        0.05885736162462629,
        0.06701514608317571,
        0.2845633169918089,
        0.06933831957246617,
        0.3493904497073417,
        0.08264828473704289,
        0.10833306354819361,
        0.11634410820606589,
        0.08976073460365458,
        0.04887242174623324,
        0.052057233339329295,
        0.060907067393031644,
        0.050638940648906616,
        0.07008093776501467,
        0.07115961702266549,
        0.07679483240014995,
        0.05427953163513577,
        0.10319899550061717,
        0.11028497788081304,
        0.21248256405223298,
        0.21945502549431462,
        0.04694228788964738,
        0.051369505788136705,
        0.054491002662178656,
        0.05940369352076025,
        0.05869262636015571,
        0.07395690054112314,
        0.5022798998407523,
        0.06566765074451297,
        0.3407959492627146
      ],