{
  "title": "weight_dmi_adg",
  "n": 2,
  "formula": "pred_adgLatest_average ~ weight + avg_real_dm_inake_per_weight_per_day_c + avg_real_dm_inake_per_weight_per_day_c2",
  "independent_variables": [
    "weight",
    "avg_real_dm_inake_per_weight_per_day_c",
    "avg_real_dm_inake_per_weight_per_day_c2"
  ],
  "dependent_variable": "pred_adgLatest_average",
  "summary": {
    "r_squared": 0.15823758346091765,
    "adj_r_squared": 0.1417324380385827,
    "f_statistic": 9.587166875051505,
    "f_pvalue": 7.713797181604237e-06,
    "aic": 341.77228356141825,
    "bic": 353.9972667828115,
    "n_observations": 157
  },
  "coefficients": {
    "Intercept": {
      "value": 0.6931412446359148,
      "std_err": 0.2529965397842451,
      "t_stat": 2.739726184504437,
      "p_value": 0.0068802291335106685,
      "conf_int_lower": 0.193323730910544,
      "conf_int_upper": 1.1929587583612855
    },
    "weight": {
      "value": 0.0005728673059794668,
      "std_err": 0.0004816948332057804,
      "t_stat": 1.1892743423609393,
      "p_value": 0.2361741250897897,
      "conf_int_lower": -0.00037876434128570745,
      "conf_int_upper": 0.0015244989532446412
    },
    "avg_real_dm_inake_per_weight_per_day_c": {
      "value": 1.7578846928422829,
      "std_err": 0.336138182995704,
      "t_stat": 5.229648941324673,
      "p_value": 5.497226554754535e-07,
      "conf_int_lower": 1.0938133540154626,
      "conf_int_upper": 2.421956031669103
    },
    "avg_real_dm_inake_per_weight_per_day_c2": {
      "value": 0.23837177624887632,
      "std_err": 1.4202241954574124,
      "t_stat": 0.1678409486412839,
      "p_value": 0.8669300580570056,
      "conf_int_lower": -2.567409389420425,
      "conf_int_upper": 3.044152941918177
    }
  },
  "diagnostics": {
    "normality": {
      "anderson_darling_stat": 0.4956339778585743,
      "pvalue": 0.21103048823208817
    },
    "breusch_pagan": {
      "lm_stat": 5.903815435456044,
      "lm_pvalue": 0.11638474613055869,
      "f_stat": 1.9927345490291917,
      "f_pvalue": 0.11742207303635653
    },
    "white_test": {
      "stat": 10.01653674124143,
      "pvalue": 0.26386717072782917,
      "f_stat": 1.2607263810809983,
      "f_pvalue": 0.2683681623765053
    },
    "durbin_watson": 2.5519033394540482,
    "vif": {
      "Intercept": 19.957758036721543,
      "weight": 1.0866278106508303,
      "avg_real_dm_inake_per_weight_per_day_c": 1.1239659176384678,
      "avg_real_dm_inake_per_weight_per_day_c2": 1.0375327972835446
    },
    "reset": {
      "fvalue": NaN,
      "pvalue": 0.14166530042767986
    },
    "influence": {
      "cooks_distance_max": 0.10336906867407276,
      "cooks_distance_mean": 0.007381848287377119,
      "leverage_max": 0.12222656804870018,
      "leverage_mean": 0.025477707006369425,
      "cooks_distance_array": [
        0.0031497002359620564,
        0.004560750540706346,
        0.05660060628644573,
        0.004347955340651457,
        0.002351356149561424,
        7.032866583780265e-05,
        1.586316802682829e-05,
        0.02418755021183538,
        0.0069004301215001155,
        5.5853476140520554e-05,
        0.00027217446452769737,
        0.0010029569281125954,
        0.0002382639655069219,
        0.00013785234730839273,
        0.000769358573450934,
        0.08300050558902779,
        0.013639442750492276,
        0.003201877197185432,
        0.010995543013409253,
        0.001027334790165281,
        0.00010568173636721383,
        0.0025214074684926694,
        0.0007620564160830609,
        0.0013729852148618709,
        0.002149166532038566,
        0.005671138549268132,
        0.0002795898162491987,
        0.005223124597683765,
        0.002451834035512088,
        0.00017486461083224416,
        0.026097599453156973,
        0.00269162254622289,
        0.001795835177791614,
        0.013359045379987017,
        0.0005776852682996893,
        0.001631156312810798,
        0.00118690939233409,
        0.00285714182221411,
        0.010123772241968932,
        0.0011401123899798427,
        0.00024426182401857024,
        0.039782693131358786,
        0.026439754744721707,
        0.00161264340833708,
        0.00017083304368643328,
        0.006941990845834266,
        0.02089165603329682,
        6.59498382498105e-05,
        0.0005107689346356676,
        0.05242687073593992,
        0.018360317009519334,
        0.004032800980992125,
        0.01481372916448601,
        0.04033048784949063,
        0.0575969655015114,
        0.0005942354418398806,
        0.0013500640927245245,
        0.0001256537380778168,
        0.004793239211584704,
        0.000155862572301669,
        0.0010907165590881784,
        0.007724813991225955,
        0.003362826091792447,
        0.0006436077553920146,
        0.0015178387045563539,
        4.39320376958511e-05,
        0.00046892199905612637,
        1.1447335761956823e-05,
        0.021336276818109266,
        0.0005677036180392589,
        0.10336906867407276,
        0.0035732202507125165,
        0.009679684980414422,
        0.0021647401996110743,
        7.03164002644463e-07,
        0.0017532466546318515,
        0.003520721210515076,
        0.0038922375521628976,
        0.002347021892731706,
        0.0003901403990287153,
        0.001941010277328996,
        0.0009161328019973648,
        0.0004292638304653645,
        0.013007828119219581,
        0.015996068685221625,
        0.0001269988384836571,
        9.969672394305057e-05,
        1.11187585384937e-05,
        0.008824188910997467,
        0.0036705734993519147,
        0.008502824687650666,
        0.004013690103365976,
        0.00030880873983350586,
        0.00019085195941190124,
        0.003061082132046296,
        0.0015524501546717942,
        0.02150022690800564,
        0.013323742086705965,
        0.00010077191856733209,
        0.003994241194740833,
        0.0022753670631880246,
        0.0031741273616673242,
        0.004122273223863154,
        0.00045001792462034544,
        0.006226926749891613,
        0.0043601314788198915,
        0.0017400102578941379,
        0.00758856883508344,
        0.001392056661614233,
        0.007676910826263137,
        0.006472137157856282,
        0.0041492840507347355,
        5.021767871156173e-05,
        7.111902231640515e-05,
        0.0001232217989744764,
        0.012183971049122848,
        0.07945599965579164,
        0.016384650537579225,
        0.0015696228525166008,
        0.001622652512914571,
        6.65488658409e-05,
        0.0039521175332583,
        0.014548028533011506,
        0.002121650973116156,
        0.005172676541892303,
        0.00015066908519237014,
        0.0005495817154384437,
        3.6224380420540284e-06,
        0.00021943304951883616,
        0.006537713547020087,
        0.0003645276095627923,
        0.007991675072351602,
        0.0018261768070478373,
        5.694782541854265e-05,
        0.0037733940242002527,
        0.007696553378452327,
        0.019108843439243996,
        0.0005109748082099937,
        0.003001341398677404,
        0.0012110366975711508,
        0.004491194616295294,
        0.0008112605110257164,
        0.0002065337532094697,
        0.003401620244176973,
        0.009375151533449717,
        4.444336486076527e-05,
        0.004154158416148128,
        0.012625440721693058,
        9.174877467312125e-10,
        0.0013672517627052441,
        0.0052942680890593775,
        0.004140621285974358,
        0.0007427252025786459,
        0.009443707549258589,
        6.656828207020437e-06,
        0.0006952565597378233,
        0.003227458620084482
      ],