{
  "title": "weight_dmi_adg",
  "n": 3,
  "formula": "pred_adgLatest_average ~ weight + avg_real_dm_inake_per_weight_per_day_c + avg_real_dm_inake_per_weight_per_day_c2",
  "independent_variables": [
    "weight",
    "avg_real_dm_inake_per_weight_per_day_c",
    "avg_real_dm_inake_per_weight_per_day_c2"
  ],
  "dependent_variable": "pred_adgLatest_average",
  "summary": {
    "r_squared": 0.17258321901095963,
    "adj_r_squared": 0.13660857635926227,
    "f_statistic": 4.797357424280532,
    "f_pvalue": 0.004294065887041788,
    "aic": 118.0852899734146,
    "bic": 127.24712773800817,
    "n_observations": 73
  },
  "coefficients": {
    "Intercept": {
      "value": 1.43294576062336,
      "std_err": 0.5254509515666143,
      "t_stat": 2.7270780580967275,
      "p_value": 0.008095307307813396,
      "conf_int_lower": 0.38469979393180775,
      "conf_int_upper": 2.481191727314912
    },
    "weight": {
      "value": -0.0006864205946000613,
      "std_err": 0.0009134739984428369,
      "t_stat": -0.7514396641504579,
      "p_value": 0.4549435136058978,
      "conf_int_lower": -0.0025087513596132745,
      "conf_int_upper": 0.0011359101704131519
    },
    "avg_real_dm_inake_per_weight_per_day_c": {
      "value": 1.0465094876241436,
      "std_err": 0.4438704304248978,
      "t_stat": 2.3576913799424886,
      "p_value": 0.021230208222508696,
      "conf_int_lower": 0.16101220754631773,
      "conf_int_upper": 1.9320067677019694
    },
    "avg_real_dm_inake_per_weight_per_day_c2": {
      "value": -0.5548159412856155,
      "std_err": 1.8029965330772568,
      "t_stat": -0.3077188065019103,
      "p_value": 0.7592232534044931,
      "conf_int_lower": -4.151695608402334,
      "conf_int_upper": 3.0420637258311025
    }
  },
  "diagnostics": {
    "normality": {
      "anderson_darling_stat": 0.11374413399184391,
      "pvalue": 0.9914828966150171
    },
    "breusch_pagan": {
      "lm_stat": 3.8747119791615483,
      "lm_pvalue": 0.27531465774803926,
      "f_stat": 1.289229717116694,
      "f_pvalue": 0.28503273877744606
    },
    "white_test": {
      "stat": 7.191987144416531,
      "pvalue": 0.5160676369764597,
      "f_stat": 0.8742992632461875,
      "f_pvalue": 0.5428454135126966
    },
    "durbin_watson": 2.12245649282368,
    "vif": {
      "Intercept": 72.0218136653349,
      "weight": 1.884630051730219,
      "avg_real_dm_inake_per_weight_per_day_c": 1.725072527280559,
      "avg_real_dm_inake_per_weight_per_day_c2": 1.12303697305262
    },
    "reset": {
      "fvalue": NaN,
      "pvalue": 0.3984509096551851
    },
    "influence": {
      "cooks_distance_max": 0.07573733040322729,
      "cooks_distance_mean": 0.011709636254810604,
      "leverage_max": 0.2497752021534954,
      "leverage_mean": 0.054794520547945216,
      "cooks_distance_array": [
        0.006846001285737175,
        0.00039126809143759714,
        0.00998899245995746,
        0.0039807461360342215,
        0.04679270447803295,
        0.0008847653765988603,
        0.0006968745936759684,
        0.0001261959247641693,
        0.0025984484060137124,
        0.06403557039896766,
        0.0037972100069289367,
        0.04459209756179718,
        0.020919684013812712,
        0.0002784082840002347,
        0.006045302845771356,
        0.0001398577878168118,
        0.0015637753954248562,
        0.001955124516576723,
        0.020163119411303887,
        0.002344821574335167,
        0.0009665075957399051,
        0.002588565238067207,
        0.005101474521056336,
        0.0217977784116516,
        0.05668821591151483,
        0.0004332331675299123,
        0.030001400738067313,
        0.002347187235278703,
        0.0008427652467244926,
        0.001826034570888291,
        0.0022116390675962546,
        0.0011282111640788146,
        0.010468546650447767,
        0.04085343935455015,
        0.0006248760004619677,
        0.008644336094662428,
        0.004100538885288461,
        0.006305819423044111,
        0.0045004394212300415,
        1.476398691442781e-06,
        0.0227097475361659,
        0.01298049825647908,
        0.01975678601158088,
        0.012570844083788722,
        0.0014268340614618114,
        0.0108948218066889,
        0.004094789916597047,
        0.002799232315116412,
        0.01428866453229819,
        0.004844996200187697,
        0.001422416983714263,
        0.0035321149232591335,
        0.039435603068401964,
        0.02073433478864712,
        0.014401504733466398,
        0.07573733040322729,
        0.04332461417986888,
        0.030284095581986505,
        0.017454819375815042,
        0.004964137287594674,
        0.0009396204844777067,
        0.007084450868680111,
        0.004397481346277536,
        0.01302684796014992,
        0.0036636230226094785,
        0.01682447940124329,
        0.001425679142931126,
        0.0011102769889817941,
        0.001369513946791742,
        0.00015074495482778614,
        0.0060368351179054995,
        8.908553681310538e-05,
        0.0014531681375813004
      ],
      "leverage_array": [
        0.07043918854699832,
        0.12439824813258832,
        0.03357945131541191,
        0.03350210207800427,
        0.06626258202253348,
        0.08757997141177129,
        0.022411446237051623,
        0.023908569275267147,
        0.045503926669535205,
        0.09985259108083286,
        0.027481124653426097,
        0.026857280462405424,
        0.06414019960770699,
        0.06973812122007592,
        0.022781660313443777,
        0.02202314800790376,
        0.12193728900674616,
        0.043523223287502966,
        0.0384389319156071,
        0.04943264701790092,
        0.09994468685941862,
        0.027109058616765803,
        0.024075140781462154,
        0.02264257290129925,
        0.07847334751418245,
        0.03529704263301338,
        0.028789862532712464,
        0.024475491414114,
        0.11677578401826597,
        0.027882836275804256,
        0.03956266764754487,
        0.04967823039410324,
        0.08253267367146949,
        0.03799090712251805,
        0.037566518979493216,
        0.04431384336718757,
        0.13136915608851302,
        0.032663755019418025,
        0.024217647746663507,
        0.025300556708234032,
        0.03862867233115952,
        0.030415073588665353,
        0.03069329257641856,
        0.03371862274657135,
        0.10052642559883887,
        0.04926212864286399,
        0.08566095790984997,
        0.10773541870936314,
        0.045318742422381875,
        0.2497752021534954,
        0.0298668494855774,
        0.04470842645967471,
        0.026563082559030844,
        0.08262969023698334,
        0.05751774706881423,
        0.08974862651513173,
        0.13357145688844696,
        0.04280419075157291,
        0.035142431685823344,
        0.03571482255798931,
        0.03125385921440457,
        0.11930073394422985,
        0.031464739890210806,
        0.023963657607597746,
        0.024757084104778566,
        0.1175447298026649,
        0.028246045757109695,
        0.0255694639854864,
        0.032523438596527766,
        0.049148929700371685,
        0.026733899274870264,
        0.02620089938131168,
        0.02883717529688742
      ],