{
  "title": "weight_dmi_adg",
  "n": 3,
  "formula": "pred_adgLatest_average ~ weight + avg_real_dm_inake_per_weight_per_day + avg_real_dm_inake_per_weight_per_day_log",
  "independent_variables": [
    "weight",
    "avg_real_dm_inake_per_weight_per_day",
    "avg_real_dm_inake_per_weight_per_day_log"
  ],
  "dependent_variable": "pred_adgLatest_average",
  "summary": {
    "r_squared": 0.2445784120955814,
    "adj_r_squared": 0.21967440370312796,
    "f_statistic": 9.820845232677316,
    "f_pvalue": 1.1236042658722555e-05,
    "aic": 154.3328343005142,
    "bic": 164.54834186691636,
    "n_observations": 95
  },
  "coefficients": {
    "Intercept": {
      "value": -4.91218043913117,
      "std_err": 2.3977798862436885,
      "t_stat": -2.0486369359059426,
      "p_value": 0.0433779448059533,
      "conf_int_lower": -9.675075626490104,
      "conf_int_upper": -0.14928525177223584
    },
    "weight": {
      "value": 0.0012012295306770189,
      "std_err": 0.0005070734345815917,
      "t_stat": 2.3689458937406287,
      "p_value": 0.019953309077980076,
      "conf_int_lower": 0.00019399044461156198,
      "conf_int_upper": 0.0022084686167424756
    },
    "avg_real_dm_inake_per_weight_per_day": {
      "value": 4.541962380049116,
      "std_err": 7.750348994811615,
      "t_stat": 0.5860332719326165,
      "p_value": 0.5593039055770211,
      "conf_int_lower": -10.85315380201597,
      "conf_int_upper": 19.937078562114202
    },
    "avg_real_dm_inake_per_weight_per_day_log": {
      "value": -6.464329087249467,
      "std_err": 18.757359793077594,
      "t_stat": -0.3446289434419832,
      "p_value": 0.731168545041234,
      "conf_int_lower": -43.72352005742912,
      "conf_int_upper": 30.794861882930185
    }
  },
  "diagnostics": {
    "normality": {
      "anderson_darling_stat": 0.14191184754622554,
      "pvalue": 0.971146524679584
    },
    "breusch_pagan": {
      "lm_stat": 2.1154860263405695,
      "lm_pvalue": 0.5487861936025027,
      "f_stat": 0.6908551280915869,
      "f_pvalue": 0.5599444034937211
    },
    "white_test": {
      "stat": 5.870051200706337,
      "pvalue": 0.7528504139810415,
      "f_stat": 0.622006106790838,
      "f_pvalue": 0.775225359493896
    },
    "durbin_watson": 2.345094154357595,
    "vif": {
      "Intercept": 1915.0087530359876,
      "weight": 1.1792803937188807,
      "avg_real_dm_inake_per_weight_per_day": 588.5011268225355,
      "avg_real_dm_inake_per_weight_per_day_log": 589.3636938177524
    },
    "reset": {
      "fvalue": NaN,
      "pvalue": 0.2340825815176
    },
    "influence": {
      "cooks_distance_max": 0.06873968407818468,
      "cooks_distance_mean": 0.00945426106029088,
      "leverage_max": 0.1506340576351679,
      "leverage_mean": 0.042105263157894736,
      "cooks_distance_array": [
        0.00020795000003593036,
        0.0033956135082580594,
        0.0039374565984811455,
        0.0011904308825357148,
        0.0421417103861881,
        0.0055461760583134035,
        0.0008762085948668089,
        7.164710749012634e-05,
        0.002545158624771845,
        0.06873968407818468,
        0.002166902865041917,
        0.029956794114454836,
        0.023142182837295414,
        0.0006390697133024141,
        0.003904967277910551,
        0.0002623835761703253,
        0.0032096850000476783,
        0.0026295106067639523,
        0.026543805923614366,
        0.004075853786254146,
        0.0001817098019049447,
        0.004349550643936374,
        0.0506088996728135,
        1.0682286681807456e-05,
        0.024363203698880405,
        0.0034858142010532143,
        0.01061714244386762,
        0.002234988918761689,
        0.0010421329749517477,
        0.011566513216681657,
        0.044310008205992714,
        0.00038707830368323157,
        0.0034698963696724447,
        0.002053486783122996,
        0.006433038170609703,
        0.0029041202686816616,
        0.0013606302125246323,
        0.0007701907261404145,
        0.004922128051969323,
        0.020511976871535696,
        0.043579680102479104,
        0.0006554803747760959,
        0.020410720530123584,
        0.002311024510629675,
        0.0027303234525694266,
        0.0016212591539651602,
        0.004075857070678895,
        0.0034891092752530255,
        0.009284075356144455,
        0.02349191250743104,
        0.0008899477395918694,
        0.006033620376848741,
        0.00044186434668964535,
        0.006380207511957083,
        0.003998377929889113,
        4.998381709584714e-06,
        0.01773314719574816,
        0.0084507434651358,
        0.012466715516735134,
        0.008190502336347818,
        0.002610478924602859,
        0.0038678725636614405,
        0.011942687452136058,
        0.013514961511231714,
        0.008565442541956977,
        0.011992887850739506,
        0.00044247200519105344,
        0.006474210282513699,
        0.035320865270419013,
        0.02368097061248085,
        0.004324817499645815,
        0.022551234465729632,
        0.05313561454552477,
        0.02410483546416278,
        0.00744714655826879,
        0.0037055517073823346,
        0.00017049366096747554,
        0.00013756907765640885,
        0.0012243715087377318,
        0.009490182126852964,
        0.0030351741274078897,
        0.005498713158904344,
        0.0011562891677605164,
        0.0009647391157895825,
        0.002413819142309838,
        0.00010563186957757355,
        0.004642739659775553,
        1.2549571489801736e-05,
        0.002054980017939697,
        0.007795410457438264,
        0.0006851078302321688,
        9.780986796972844e-05,
        0.017838254359811442,
        0.0005084805481760393,
        0.009634485705038715
      ],