{
  "title": "naive_adg",
  "n": 2,
  "formula": "pred_adgLatest_average ~ originWeight + metabolic_weight + per_slobber_dm_log + avg_real_dm_inake_per_weight_per_day_log + day_diff",
  "independent_variables": [
    "originWeight",
    "metabolic_weight",
    "per_slobber_dm_log",
    "avg_real_dm_inake_per_weight_per_day_log",
    "day_diff"
  ],
  "dependent_variable": "pred_adgLatest_average",
  "summary": {
    "r_squared": 0.24117729120712783,
    "adj_r_squared": 0.21605071144577448,
    "f_statistic": 9.598492651915844,
    "f_pvalue": 5.682970873512973e-08,
    "aic": 329.4867294630959,
    "bic": 347.8242042951858,
    "n_observations": 157
  },
  "coefficients": {
    "Intercept": {
      "value": -1.7717661560668008,
      "std_err": 1.1666038992687384,
      "t_stat": -1.5187384142787417,
      "p_value": 0.1309193456607237,
      "conf_int_lower": -4.076740884752832,
      "conf_int_upper": 0.5332085726192308
    },
    "originWeight": {
      "value": 0.005268260105370634,
      "std_err": 0.0021214961749466948,
      "t_stat": 2.4832757973287443,
      "p_value": 0.014111407421986062,
      "conf_int_lower": 0.0010766102460469992,
      "conf_int_upper": 0.00945990996469427
    },
    "metabolic_weight": {
      "value": -0.007740305089193895,
      "std_err": 0.0050332178787752015,
      "t_stat": -1.5378442331762208,
      "p_value": 0.12617954884769741,
      "conf_int_lower": -0.017684931557371893,
      "conf_int_upper": 0.002204321378984103
    },
    "per_slobber_dm_log": {
      "value": -1.3846654390251574,
      "std_err": 0.8419653096949862,
      "t_stat": -1.6445635266455003,
      "p_value": 0.10214012970940418,
      "conf_int_lower": -3.048219591804644,
      "conf_int_upper": 0.278888713754329
    },
    "avg_real_dm_inake_per_weight_per_day_log": {
      "value": 2.341842815391616,
      "std_err": 0.9222622603714346,
      "t_stat": 2.5392373905102175,
      "p_value": 0.012121125994439593,
      "conf_int_lower": 0.5196380338804949,
      "conf_int_upper": 4.164047596902737
    },
    "day_diff": {
      "value": -0.05098878506508589,
      "std_err": 0.029218750322784325,
      "t_stat": -1.7450706995269962,
      "p_value": 0.08300691393639306,
      "conf_int_lower": -0.10871916050787389,
      "conf_int_upper": 0.006741590377702111
    }
  },
  "diagnostics": {
    "normality": {
      "anderson_darling_stat": 0.46318094658477094,
      "pvalue": 0.2533837174525379
    },
    "breusch_pagan": {
      "lm_stat": 4.4554109810475415,
      "lm_pvalue": 0.4858713708260063,
      "f_stat": 0.8820595505417653,
      "f_pvalue": 0.4947300318153923
    },
    "white_test": {
      "stat": 22.507830178692803,
      "pvalue": 0.3136018070669497,
      "f_stat": 1.1380085949870908,
      "f_pvalue": 0.3191173040864017
    },
    "durbin_watson": 2.582837971984315,
    "vif": {
      "Intercept": 464.58391140193027,
      "originWeight": 3.275265513239192,
      "metabolic_weight": 3.2916586877081677,
      "per_slobber_dm_log": 1.1540546900448634,
      "avg_real_dm_inake_per_weight_per_day_log": 1.5914148748914299,
      "day_diff": 1.1206190291713254
    },
    "reset": {
      "fvalue": NaN,
      "pvalue": 0.8321680761686576
    },
    "influence": {
      "cooks_distance_max": 0.06246103504435062,
      "cooks_distance_mean": 0.006386758607128781,
      "leverage_max": 0.3644326192187106,
      "leverage_mean": 0.03821656050955417,
      "cooks_distance_array": [
        0.0018229170372868276,
        0.008322058804550742,
        0.009432283455465578,
        0.009059666059183475,
        0.0010268057096791362,
        0.0005941499692378958,
        0.00032821860225294307,
        0.010170341106009449,
        0.001885244418180627,
        2.501167096892348e-05,
        0.00031038410059579214,
        0.0006312378060827206,
        0.0017243868777928595,
        0.0028887887436345673,
        0.00016392251124063893,
        0.021616840677941496,
        0.023053157359853915,
        0.001625074491430132,
        0.01709201936701417,
        8.136807937070045e-05,
        0.003296015409470425,
        0.00017802051147248888,
        0.0020314779581007856,
        0.0029036630715726726,
        0.002034590797815359,
        0.007396602403921422,
        0.06246103504435062,
        0.0056800012013814094,
        0.0010223912806657898,
        5.1652963973826624e-05,
        0.03663434254054665,
        0.0013484213894207403,
        0.0009325052562180548,
        0.009883442058139808,
        8.288530249700834e-07,
        0.006100760574665187,
        0.001695262904262978,
        0.0039892093999533505,
        0.005746968851283761,
        0.00026730175484313364,
        0.006343277575252782,
        0.030857283825349337,
        0.020833614934718275,
        0.004120929201869349,
        0.010026271993691544,
        0.007980168973306967,
        0.01880393118861809,
        0.0009578165214774835,
        0.002832411173275504,
        0.04826830415135067,
        0.013628963283426037,
        0.005143160567041354,
        0.019416146752216163,
        0.038411700289327784,
        0.05298431172838909,
        0.005130704680501959,
        0.001131953766653974,
        2.27887921432383e-07,
        0.0008966146827209294,
        4.317299589139633e-06,
        0.0005693294729983811,
        0.010371193877224379,
        0.0021451330523060844,
        0.0001832718087025479,
        0.001078845935649378,
        6.617108034518889e-05,
        0.00074505803189984,
        0.00013783503418231447,
        0.0230668334854869,
        0.00020876871033367374,
        0.04027811698623383,
        0.002052462842312374,
        0.007752280522170016,
        0.0013836849638383744,
        0.00014219722349008388,
        0.0007971474122595063,
        0.00029317630599771905,
        0.005211549568991685,
        0.0009724832601747084,
        9.47771403756935e-06,
        5.239803965049788e-05,
        0.0015573100103746912,
        0.0009932822747470004,
        0.0071279062140104385,
        0.01670388759740538,
        6.844862508980493e-05,
        0.0007069437528907307,
        0.0002069540153661302,
        0.007559618539718008,
        0.008196408870477274,
        0.01369938775941101,
        0.003591180683216964,
        0.00015251538733645754,
        0.0016664436788689084,
        0.002599825684303518,
        9.46859569732854e-05,
        0.01691161810587825,
        0.010001384292566888,
        3.856510378337316e-07,
        0.003186978100784475,
        0.00158365557041184,
        0.002004224560095869,
        0.0035167065012359166,
        0.0018941340115095741,
        0.0027599788502796372,
        0.006849734804819775,
        0.012588633075990091,
        0.004015049114707963,
        0.011332168056839662,
        0.0047825529816914155,
        0.0009496292691283076,
        0.004800816316267483,
        0.00012209100495722266,
        9.838904669953304e-05,
        0.00022904758876821245,
        0.011106980056151206,
        0.031707280409116835,
        0.02432616358351012,
        0.00013472147286963985,
        0.004806757564247395,
        0.006393589923701302,
        0.001256666063883704,
        0.01090845608006469,
        0.0004029057100493194,
        0.005034896691537521,
        6.111975584436261e-06,
        9.687787662463733e-05,
        0.000138189316286581,
        7.877021782500317e-05,
        0.008350892383516198,
        0.00046959833584950944,
        0.0065561337315630346,
        0.0013667731095826498,
        0.00023201759503777006,
        0.004920238357388955,
        0.0050642875914012975,
        0.004489980485934332,
        0.0008676633868857888,
        0.003568969770933963,
        0.0019627087657728254,
        0.005141677778747557,
        0.0026107914841604967,
        2.0192249137043127e-06,
        0.0030672052466865904,
        0.006706509580012507,
        0.00010695550978021218,
        0.0015425752767486555,
        0.02371153201297334,
