{
  "title": "naive_adg",
  "n": 3,
  "formula": "pred_adgLatest_average ~ originWeight + metabolic_weight + per_slobber_dm_log + avg_real_dm_inake_per_weight_per_day_log + day_diff",
  "independent_variables": [
    "originWeight",
    "metabolic_weight",
    "per_slobber_dm_log",
    "avg_real_dm_inake_per_weight_per_day_log",
    "day_diff"
  ],
  "dependent_variable": "pred_adgLatest_average",
  "summary": {
    "r_squared": 0.2064041531487668,
    "adj_r_squared": 0.14718058248822707,
    "f_statistic": 3.485169010356418,
    "f_pvalue": 0.007357998300440671,
    "aic": 119.03869244201982,
    "bic": 132.78144908891016,
    "n_observations": 73
  },
  "coefficients": {
    "Intercept": {
      "value": -3.157897792881506,
      "std_err": 3.4078607740473346,
      "t_stat": -0.9266510583209768,
      "p_value": 0.3574337521037625,
      "conf_int_lower": -9.960016367235099,
      "conf_int_upper": 3.6442207814720864
    },
    "originWeight": {
      "value": 0.004257790743307606,
      "std_err": 0.00584761924466687,
      "t_stat": 0.7281237996456053,
      "p_value": 0.4690749684853204,
      "conf_int_lower": -0.00741410612020656,
      "conf_int_upper": 0.01592968760682177
    },
    "metabolic_weight": {
      "value": -0.001871021600988378,
      "std_err": 0.006221353376000216,
      "t_stat": -0.300741894554024,
      "p_value": 0.7645425981601374,
      "conf_int_lower": -0.014288894912828289,
      "conf_int_upper": 0.010546851710851533
    },
    "per_slobber_dm_log": {
      "value": -1.6577642921482396,
      "std_err": 1.2624807960271929,
      "t_stat": -1.31310060110612,
      "p_value": 0.19362862262170963,
      "conf_int_lower": -4.1776865078150225,
      "conf_int_upper": 0.8621579235185433
    },
    "avg_real_dm_inake_per_weight_per_day_log": {
      "value": 2.539450874247013,
      "std_err": 1.1096577566764336,
      "t_stat": 2.2884991872205642,
      "p_value": 0.025268920124221345,
      "conf_int_lower": 0.3245647218118819,
      "conf_int_upper": 4.754337026682144
    },
    "day_diff": {
      "value": -0.005156529505911286,
      "std_err": 0.06522278526790908,
      "t_stat": -0.07906024688658002,
      "p_value": 0.9372203612301515,
      "conf_int_lower": -0.1353417537734558,
      "conf_int_upper": 0.12502869476163325
    }
  },
  "diagnostics": {
    "normality": {
      "anderson_darling_stat": 0.13917362648119536,
      "pvalue": 0.9736453949289132
    },
    "breusch_pagan": {
      "lm_stat": 8.830998200622847,
      "lm_pvalue": 0.11599793264471418,
      "f_stat": 1.844120565539087,
      "f_pvalue": 0.11609874706089059
    },
    "white_test": {
      "stat": 17.167653336290883,
      "pvalue": 0.6420619063772132,
      "f_stat": 0.799463059348167,
      "f_pvalue": 0.7024051813479819
    },
    "durbin_watson": 2.1753100313001688,
    "vif": {
      "Intercept": 3067.0017619000073,
      "originWeight": 1.0766023379548966,
      "metabolic_weight": 2.1066853878203404,
      "per_slobber_dm_log": 1.3737832546427107,
      "avg_real_dm_inake_per_weight_per_day_log": 1.8720006232886377,
      "day_diff": 1.3698815195543648
    },
    "reset": {
      "fvalue": NaN,
      "pvalue": 0.1817861925734819
    },
    "influence": {
      "cooks_distance_max": 0.1163998726178091,
      "cooks_distance_mean": 0.01377387222924311,
      "leverage_max": 0.2909839631887041,
      "leverage_mean": 0.08219178082191783,
      "cooks_distance_array": [
        0.003739609226745017,
        5.559111733084321e-06,
        0.01177747600952672,
        0.004997282482638168,
        0.03174780231582755,
        0.0021967429433057658,
        0.0026316449778179905,
        0.0014402649980184907,
        0.0020772677808716545,
        0.04784699287788265,
        0.016414577327503743,
        0.1163998726178091,
        0.015774653581528388,
        0.0003165643071766625,
        0.021502201567038803,
        0.0011776208414469912,
        0.0005735912642609503,
        0.002071752777419661,
        0.02538264447510959,
        0.001691812554538605,
        8.565252133888833e-08,
        0.0010988115389279206,
        0.019690236485950988,
        0.035351277569277424,
        0.04448435726590062,
        0.0003250956965093114,
        0.023529902170079962,
        0.0013659457951872606,
        9.144099836309818e-06,
        0.003450353695489708,
        0.0014523814729245407,
        0.000444876434620832,
        0.011446551878628792,
        0.02784870478260273,
        7.789018390898723e-05,
        0.003135169857484809,
        0.004722646093071105,
        0.013716738416849563,
        0.004080864225158893,
        0.000712594817158147,
        0.03272198439740137,
        0.011164384535942108,
        0.020918309931034808,
        0.01081956530374567,
        0.006050477653115834,
        0.011175325384180625,
        0.004832039257314659,
        0.0033174452766037963,
        0.0823187915248597,
        0.0018532475688914016,
        0.00033531394893917264,
        0.013047727870821079,
        0.058843814492998275,
        0.012251118758549858,
        0.017149456246504557,
        0.07053153417466268,
        0.030765500478802915,
        0.020723216782522966,
        0.01014328385617314,
        0.002912520446075638,
        0.0017363565165162882,
        0.005750055191716114,
        0.0025763158248081324,
        0.013903831508321344,
        0.004444421686322823,
        0.02762466426420571,
        0.0029396185175696327,
        0.004222490349747519,
        0.0018234065321955535,
        8.711719938558234e-05,
        0.007993406201187716,
        0.0030773736533789274,
        0.0007289952299626792
      ],
      "leverage_array": [
        0.06444832523842403,
        0.07307747663704128,
        0.04173964767555112,
        0.03753828415990579,
        0.0873067085297706,
        0.09990619503884901,
        0.05489614166191992,
        0.07890664727752339,
        0.09158161001904748,
        0.10050923492053596,
        0.07535471878414617,
        0.07310150949956054,
        0.13841699049323025,
        0.1515290807213895,
        0.10748941800871392,
        0.12118289762506573,
        0.12344962933340702,
        0.06543634049006505,
        0.06376145899803067,
        0.06738899953269933,
        0.11320314639536555,
        0.0718977870589893,
        0.06931926894828766,
        0.0647220683305631,
        0.07577290001783586,
        0.03498141470450316,
        0.03916094742042452,
        0.04830880993563494,
        0.08522523192017295,
        0.04334452406939682,
        0.06946929940812763,
        0.10090714290832159,
        0.08856253652032298,
        0.03883275338133756,
        0.04518831657228334,
        0.037368575345433294,
        0.11643520670001628,
        0.06301619182821483,
        0.04931254062480528,
        0.08293930223955914,
        0.0741575834799651,
        0.0469955414399075,
        0.07139655613655282,
        0.08174716907761434,
        0.09987625369121478,
        0.06897028466896607,
        0.1187248107364629,
        0.15146078228957682,
        0.2909839631887041,
        0.10840168969443864,
        0.05375707956493942,
        0.0899287689915166,
        0.0716458237113099,
        0.061326911394290695,
        0.0873245647184081,
        0.11554690945558488,
        0.12455106068674493,
        0.052672479727703156,
        0.032517081983022125,
        0.043100921668758146,
        0.04176804373403789,
        0.10214594904652136,
        0.06021693693580443,
        0.05107769757677949,
        0.09097060277822022,
        0.12218513657839475,
        0.08487339303746894,
        0.09540682635571363,
        0.09271241522444226,
        0.08654669737752918,
        0.09539337032978978,
        0.08951781623498678,
        0.0871095995101599
      ],