{
  "title": "naive_adg",
  "n": 3,
  "formula": "pred_adgLatest_average ~ last_adg + per_slobber_dm_log + avg_real_dm_inake_per_weight_per_day_log",
  "independent_variables": [
    "last_adg",
    "per_slobber_dm_log",
    "avg_real_dm_inake_per_weight_per_day_log"
  ],
  "dependent_variable": "pred_adgLatest_average",
  "summary": {
    "r_squared": 0.25933087768324425,
    "adj_r_squared": 0.23491321431016432,
    "f_statistic": 10.62062629502678,
    "f_pvalue": 4.7056741584737194e-06,
    "aic": 152.45924515598546,
    "bic": 162.6747527223876,
    "n_observations": 95
  },
  "coefficients": {
    "Intercept": {
      "value": -2.67659933526118,
      "std_err": 0.688802978131102,
      "t_stat": -3.8858707355236413,
      "p_value": 0.00019331449937862977,
      "conf_int_lower": -4.044821834916307,
      "conf_int_upper": -1.3083768356060526
    },
    "last_adg": {
      "value": 0.006508996654871438,
      "std_err": 0.08072096945014584,
      "t_stat": 0.0806357591987478,
      "p_value": 0.9359087037514786,
      "conf_int_lower": -0.1538332929434214,
      "conf_int_upper": 0.16685128625316425
    },
    "per_slobber_dm_log": {
      "value": -2.570007700006482,
      "std_err": 0.9495719565060274,
      "t_stat": -2.7064907323747076,
      "p_value": 0.008119870031315557,
      "conf_int_lower": -4.456215740886644,
      "conf_int_upper": -0.6837996591263202
    },
    "avg_real_dm_inake_per_weight_per_day_log": {
      "value": 3.336580603672505,
      "std_err": 0.7810973257208135,
      "t_stat": 4.271657953243453,
      "p_value": 4.7615979008607524e-05,
      "conf_int_lower": 1.7850267204832038,
      "conf_int_upper": 4.888134486861806
    }
  },
  "diagnostics": {
    "normality": {
      "anderson_darling_stat": 0.24589240585271455,
      "pvalue": 0.7515197431847584
    },
    "breusch_pagan": {
      "lm_stat": 3.3470229389233106,
      "lm_pvalue": 0.34115136749911396,
      "f_stat": 1.1077257470100252,
      "f_pvalue": 0.35019288943222204
    },
    "white_test": {
      "stat": 4.669098794520591,
      "pvalue": 0.8621475916672492,
      "f_stat": 0.4881723040730312,
      "f_pvalue": 0.8788025187490783
    },
    "durbin_watson": 2.001467945573061,
    "vif": {
      "Intercept": 161.1785787783822,
      "last_adg": 1.0739771571776742,
      "per_slobber_dm_log": 1.1109050764575252,
      "avg_real_dm_inake_per_weight_per_day_log": 1.0423544256222306
    },
    "reset": {
      "fvalue": NaN,
      "pvalue": 0.5896479205120595
    },
    "influence": {
      "cooks_distance_max": 0.05859750138285504,
      "cooks_distance_mean": 0.00994852552500997,
      "leverage_max": 0.23630662133368738,
      "leverage_mean": 0.04210526315789473,
      "cooks_distance_array": [
        0.00191478813640658,
        2.0871066147706724e-08,
        0.01567804002091743,
        0.006490649287063491,
        0.03537415867010876,
        0.008993686153189668,
        0.0032398858281392174,
        0.0018612052221063681,
        0.002612365439681058,
        0.03562559278880576,
        0.008619801261809949,
        0.05859750138285504,
        0.028264557175418814,
        0.002165295612506366,
        0.0018834802216287317,
        0.0020191380692124905,
        0.014633729004844028,
        0.0003694020022090926,
        0.021530898028546793,
        0.008238746951602732,
        0.0019561667520915297,
        4.444231168452996e-06,
        0.03127900067208505,
        0.0025853244954184406,
        0.021438448038183445,
        6.891005071416299e-07,
        0.01205354343698603,
        1.0756964298772131e-06,
        0.0031849969690221102,
        0.00112323681711844,
        0.030875967805983805,
        0.000623999525788767,
        0.0002819203790914194,
        0.0004837300097345314,
        0.022539282937119577,
        0.0009477346766767671,
        0.0004190911216428393,
        0.00011884503608214181,
        0.009171424224949855,
        0.022270869780289044,
        0.04861590852432925,
        0.0018680119881107902,
        0.023138886787974013,
        0.001976508953799657,
        0.0005533822726186548,
        0.005804708076889744,
        0.0001518641626655483,
        1.626880717267883e-07,
        0.011431349153782161,
        0.05080916347578564,
        1.5811995436400814e-05,
        0.003659578856829781,
        0.0006162202880788188,
        0.012948776001628533,
        0.0017788808876570707,
        0.0007867748034545333,
        0.03145592987279861,
        0.025100030605947846,
        0.01985033884288443,
        0.009334413730467263,
        0.0014149651167107275,
        0.008068768445548541,
        0.00032244048975908096,
        6.408156833191687e-05,
        0.011821950019044895,
        0.0031398747012731775,
        0.0001402242835412576,
        0.007547126071126947,
        0.042673370060939166,
        0.013977551512112872,
        0.010975529806390168,
        0.029942828536043645,
        0.009805977456183883,
        0.024802038791858654,
        0.010673306170860996,
        0.002369499526141001,
        0.0029877287204011214,
        0.0016944707506233252,
        0.0004044739750619611,
        0.0057489023053688935,
        0.0008108322317178253,
        0.01843347338181152,
        0.0004046924824446279,
        0.00455349908639656,
        0.0007154583575648264,
        0.0002665834865927925,
        0.001867336851735806,
        0.0013648343031619416,
        0.000155392375145827,
        0.00969835691334911,
        9.384528332114363e-05,
        0.0016806988996688006,
        0.02656904952676149,
        0.009370246859908414,
        0.01118108072534588
      ],