{
  "title": "naive_adg",
  "n": 3,
  "formula": "pred_adgLatest_average ~ originWeight + daysOnFeedNow + metabolic_weight + per_slobber_dm_dmi + per_slobber_dm_squared_dmi + avg_real_dm_inake_per_weight_per_day + avg_real_dm_inake_per_weight_per_day_log + day_diff",
  "independent_variables": [
    "originWeight",
    "daysOnFeedNow",
    "metabolic_weight",
    "per_slobber_dm_dmi",
    "per_slobber_dm_squared_dmi",
    "avg_real_dm_inake_per_weight_per_day",
    "avg_real_dm_inake_per_weight_per_day_log",
    "day_diff"
  ],
  "dependent_variable": "pred_adgLatest_average",
  "summary": {
    "r_squared": 0.3707577235230056,
    "adj_r_squared": 0.3122235582693318,
    "f_statistic": 6.334039648745738,
    "f_pvalue": 1.944350304953796e-06,
    "aic": 146.97066962032534,
    "bic": 169.9555616447302,
    "n_observations": 95
  },
  "coefficients": {
    "Intercept": {
      "value": 0.3749029076516658,
      "std_err": 3.6264968519557104,
      "t_stat": 0.10337880410663718,
      "p_value": 0.9179030270551558,
      "conf_int_lower": -6.834334233169215,
      "conf_int_upper": 7.584140048472546
    },
    "originWeight": {
      "value": 0.005106944294768105,
      "std_err": 0.002561836715653885,
      "t_stat": 1.9934698661950454,
      "p_value": 0.04937945624537544,
      "conf_int_lower": 1.4181456920720273e-05,
      "conf_int_upper": 0.01019970713261549
    },
    "daysOnFeedNow": {
      "value": -0.0020748515393749683,
      "std_err": 0.0019002134972390015,
      "t_stat": -1.0919044319965703,
      "p_value": 0.27792462975632615,
      "conf_int_lower": -0.005852350949693455,
      "conf_int_upper": 0.0017026478709435185
    },
    "metabolic_weight": {
      "value": 0.0028006371356453673,
      "std_err": 0.007602011516211867,
      "t_stat": 0.368407378714541,
      "p_value": 0.7134748074508503,
      "conf_int_lower": -0.012311661593655161,
      "conf_int_upper": 0.017912935864945894
    },
    "per_slobber_dm_dmi": {
      "value": 1.331975008365386,
      "std_err": 8.42927401724115,
      "t_stat": 0.15801776115487268,
      "p_value": 0.8748132489047321,
      "conf_int_lower": -15.424867144270095,
      "conf_int_upper": 18.08881716100087
    },
    "per_slobber_dm_squared_dmi": {
      "value": -1.2675021495770473,
      "std_err": 5.242137273413024,
      "t_stat": -0.2417911022676841,
      "p_value": 0.8095176514723599,
      "conf_int_lower": -11.68852614919535,
      "conf_int_upper": 9.153521850041255
    },
    "avg_real_dm_inake_per_weight_per_day": {
      "value": -6.803572533386356,
      "std_err": 12.227939052884107,
      "t_stat": -0.5563956856475868,
      "p_value": 0.5793852966887147,
      "conf_int_lower": -31.111910848420642,
      "conf_int_upper": 17.504765781647926
    },
    "avg_real_dm_inake_per_weight_per_day_log": {
      "value": 17.752605318361,
      "std_err": 23.704552682870954,
      "t_stat": 0.7489112136331993,
      "p_value": 0.4559542126460857,
      "conf_int_lower": -29.370485803513105,
      "conf_int_upper": 64.8756964402351
    },
    "day_diff": {
      "value": -0.04668764096841503,
      "std_err": 0.03356293050852278,
      "t_stat": -1.3910478096231627,
      "p_value": 0.16779944445056538,
      "conf_int_lower": -0.11340853858793065,
      "conf_int_upper": 0.02003325665110059
    }
  },
  "diagnostics": {
    "normality": {
      "anderson_darling_stat": 0.43228977813923564,
      "pvalue": 0.29842492549257055
    },
    "breusch_pagan": {
      "lm_stat": 7.412725113652241,
      "lm_pvalue": 0.49282605136617985,
      "f_stat": 0.9097987701428355,
      "f_pvalue": 0.51240070622837
    },
    "white_test": {
      "error": ""
    },
    "durbin_watson": 2.3175218852695663,
    "vif": {
      "Intercept": 4969.9875903075845,
      "originWeight": 4.661790581221219,
      "daysOnFeedNow": 7.425494334729799,
      "metabolic_weight": 7.606630854507684,
      "per_slobber_dm_dmi": 656.0703490366537,
      "per_slobber_dm_squared_dmi": 361.79090708923036,
      "avg_real_dm_inake_per_weight_per_day": 1662.0338647071642,
      "avg_real_dm_inake_per_weight_per_day_log": 1067.903590576486,
      "day_diff": 1.2658172647823744
    },
    "reset": {
      "fvalue": NaN,
      "pvalue": 0.0044991336320266235
    },
    "influence": {
      "cooks_distance_max": 5.612410542493774,
      "cooks_distance_mean": 0.06780172748613289,
      "leverage_max": 0.9837325277008684,
      "leverage_mean": 0.09473684210526317,
      "cooks_distance_array": [
        0.008379849520420491,
        0.00016840035540432086,
        0.012722029155073398,
        0.0065669903933848655,
        0.03259909253102612,
        0.004081726911998401,
        0.0024236320007908667,
        0.0046160990684665955,
        1.54677050806696e-06,
        0.029109726852308646,
        0.008437620783540614,
        0.057825721460933746,
        0.010009555350322854,
        2.1101298323760277e-05,
        0.013324130347414392,
        0.004879831645485052,
        5.612410542493774,
        0.0006379687244984435,
        0.035940544045776075,
        0.0016439663176380068,
        0.0007314210182762302,
        0.01237788330494964,
        0.024793258271359538,
        0.0037843438988984343,
        0.012218775918535894,
        0.009043369974705569,
        0.0055704101018615925,
        0.0064521051851099175,
        0.0007518028291465303,
        0.010216113806214124,
        0.024803617888706154,
        0.01393676887387323,
        0.0005543888182167124,
        0.00043902795771868597,
        0.012159008255837338,
        0.0005805489911566827,
        0.0003920618963613389,
        0.0007392911870951744,
        0.012983635129067932,
        0.017871552420532844,
        0.028717145661356767,
        0.0006021040856738545,
        0.013650360667320973,
        0.0002638398221728892,
        5.586485695151211e-05,
        0.002568501615691732,
        0.0016396099992565796,
        3.580000752425008e-05,
        0.0064163571367771765,
        0.02118348964021052,
        5.7590780371035576e-05,
        0.002415632944398282,
        0.003342706709522527,
        0.009613969016847405,
        0.003929382974579607,
        0.0028123853410870546,
        0.01960251432094936,
        0.004887238114531846,
        0.0077760690664206485,
        0.0031662093374261267,
        0.012393571026701656,
        0.0083428413866593,
        0.007113116155261129,
        0.0007343200840159827,
        0.01598184305766224,
        0.003157124950927239,
        2.7159665499993006e-05,
        0.011916578976704362,
        0.030188016493144586,
        0.015828623149391687,
        0.006841462457356457,
        0.03128428689814324,
        0.015813061024182427,
        0.022820571149985196,
        0.00979903064589688,
        0.0015805340095791955,
        0.0016583343366377915,
        0.004441465891488008,
        0.0008763383643392658,
        0.011992942003974412,
        0.0002497918638250286,
        0.018571135864078495,
        0.0005271917817820377,
        0.002952040276295335,
        0.0003567354072401599,
        0.00011225354002826699,
        0.003317448538547778,
        0.0011469755664086222,
        1.1048721210072867e-05,
        0.003504036056783508,
        0.0005923379645044189,
        0.0014626670042357127,
        0.042577765559196144,
        0.0005756219239766683,
        0.003479605533177766
      ],