{
  "title": "naive_adg",
  "n": 3,
  "formula": "pred_adgLatest_average ~ originWeight + per_slobber_dm_log + avg_real_dm_inake_per_weight_per_day_log",
  "independent_variables": [
    "originWeight",
    "per_slobber_dm_log",
    "avg_real_dm_inake_per_weight_per_day_log"
  ],
  "dependent_variable": "pred_adgLatest_average",
  "summary": {
    "r_squared": 0.3520045069950398,
    "adj_r_squared": 0.33064201821465644,
    "f_statistic": 16.477691837024054,
    "f_pvalue": 1.2392852738111663e-08,
    "aic": 139.76057084583627,
    "bic": 149.97607841223842,
    "n_observations": 95
  },
  "coefficients": {
    "Intercept": {
      "value": -4.169074120376789,
      "std_err": 0.764691110679516,
      "t_stat": -5.451971472078559,
      "p_value": 4.236895434274888e-07,
      "conf_int_lower": -5.688039072817578,
      "conf_int_upper": -2.650109167936
    },
    "originWeight": {
      "value": 0.004286043353526261,
      "std_err": 0.001187735676206327,
      "t_stat": 3.608583491586316,
      "p_value": 0.0005029882321475756,
      "conf_int_lower": 0.0019267523408220653,
      "conf_int_upper": 0.006645334366230457
    },
    "per_slobber_dm_log": {
      "value": -2.177119199559605,
      "std_err": 0.8650679741082105,
      "t_stat": -2.516703039207959,
      "p_value": 0.013596973314097873,
      "conf_int_lower": -3.89547046034735,
      "conf_int_upper": -0.45876793877185995
    },
    "avg_real_dm_inake_per_weight_per_day_log": {
      "value": 3.1155087352821256,
      "std_err": 0.7306140960109297,
      "t_stat": 4.26423299562991,
      "p_value": 4.8953517823681114e-05,
      "conf_int_lower": 1.6642335862698046,
      "conf_int_upper": 4.566783884294447
    }
  },
  "diagnostics": {
    "normality": {
      "anderson_darling_stat": 0.32787267969069944,
      "pvalue": 0.5136508883041817
    },
    "breusch_pagan": {
      "lm_stat": 5.690472733607513,
      "lm_pvalue": 0.1276798384557708,
      "f_stat": 1.9327278011213416,
      "f_pvalue": 0.1298507093112249
    },
    "white_test": {
      "stat": 11.816906510122532,
      "pvalue": 0.22382917669500288,
      "f_stat": 1.3416682688487316,
      "f_pvalue": 0.22802592439849925
    },
    "durbin_watson": 2.2653894837874278,
    "vif": {
      "Intercept": 227.06051967174594,
      "originWeight": 1.0296232044775508,
      "per_slobber_dm_log": 1.0538381437402622,
      "avg_real_dm_inake_per_weight_per_day_log": 1.0423977405048033
    },
    "reset": {
      "fvalue": NaN,
      "pvalue": 0.2554773580477945
    },
    "influence": {
      "cooks_distance_max": 0.08728722408721486,
      "cooks_distance_mean": 0.009849127693509839,
      "leverage_max": 0.23660314402281235,
      "leverage_mean": 0.042105263157894736,
      "cooks_distance_array": [
        0.001912308181105971,
        0.00023103952729420775,
        0.018158648191671067,
        0.008366561732824768,
        0.03301597099035919,
        0.0033700289457450393,
        0.002232956659136798,
        0.0007072908381568849,
        0.0005343860882038906,
        0.04476750808349982,
        0.01474518609375472,
        0.08728722408721486,
        0.01013924620995199,
        7.560859397893921e-06,
        0.008426195741344952,
        0.00048709884283396575,
        0.011948541454069367,
        0.0009432438199883714,
        0.022026889475142298,
        0.002219333330864153,
        0.003617438532189731,
        0.025561228834179477,
        0.04437629124277208,
        0.005293321762483095,
        0.01337358471119829,
        0.015961086467246897,
        0.003921016934955565,
        0.014600360174371652,
        6.810451598655791e-06,
        0.02133192222626302,
        0.03380459717191423,
        0.01286923136759022,
        0.0002234646912477672,
        0.000788699040803401,
        0.020266921054249494,
        0.0009414430029716194,
        0.0001454511903076769,
        0.0003257102700921503,
        0.00955983584663857,
        0.017200146816473066,
        0.04073230595588509,
        0.0009974453946116227,
        0.024424743912796306,
        0.0007098630803643727,
        1.1106839753309207e-05,
        0.004525623980417309,
        0.0008053819792455061,
        0.0002630969378604023,
        0.008039998569364912,
        0.032761615626397726,
        8.159912366754064e-06,
        0.002984306046238551,
        0.0024273832926537454,
        0.011850309909133543,
        0.002966843354929742,
        0.0002482855749367933,
        0.022205101332439123,
        0.00821388319812543,
        0.010761799351052655,
        0.00415893610473508,
        0.005665454274951293,
        0.006896826375844402,
        0.001971908287987962,
        0.00134623692982794,
        0.005339490076726053,
        0.0005982734086287174,
        3.90641478258388e-06,
        0.009856787436642523,
        0.042732797486430316,
        0.013619915716754949,
        0.007677379814454105,
        0.02163144404509208,
        0.010538479716423597,
        0.023297737377430777,
        0.011617266982147469,
        0.002123875924485912,
        0.0028330155354983626,
        0.003800043934209326,
        0.0014697015563816542,
        0.009105680310940976,
        0.0016663112320608438,
        0.01918647555182804,
        0.0007310586938655579,
        0.003394900469558977,
        0.0010436813589792082,
        0.00015382455346040928,
        0.002850523103877633,
        0.001087879808177824,
        0.00026905837579946877,
        0.005042106439300055,
        0.0003843476047129241,
        0.0026045693172786063,
        0.012236846646703175,
        0.0010047656468261297,
        0.00709258917994986
      ],