{
  "title": "adg_trail",
  "n": 3,
  "formula": "pred_adgLatest_average ~ last_adg + mw_diff + tdn_silage_over_mw_dt_diff + tdn_rumput_over_mw_dt_diff + tdn_slobber_over_mw_dt_diff + day_diff_2",
  "independent_variables": [
    "last_adg",
    "mw_diff",
    "tdn_silage_over_mw_dt_diff",
    "tdn_rumput_over_mw_dt_diff",
    "tdn_slobber_over_mw_dt_diff",
    "day_diff_2"
  ],
  "dependent_variable": "pred_adgLatest_average",
  "summary": {
    "r_squared": 0.09786961930488514,
    "adj_r_squared": 0.03565373098108415,
    "f_statistic": 1.5730647257743102,
    "f_pvalue": 0.16459749805328555,
    "aic": 141.34179530735247,
    "bic": 159.1448587832425,
    "n_observations": 94
  },
  "coefficients": {
    "Intercept": {
      "value": 1.7072684317957283,
      "std_err": 0.8795147453039353,
      "t_stat": 1.9411481625651938,
      "p_value": 0.05547749863174525,
      "conf_int_lower": -0.04086235975007524,
      "conf_int_upper": 3.455399223341532
    },
    "last_adg": {
      "value": -0.5482132452048314,
      "std_err": 0.732164023024294,
      "t_stat": -0.7487574204211358,
      "p_value": 0.4560230059946361,
      "conf_int_lower": -2.0034685208494887,
      "conf_int_upper": 0.9070420304398261
    },
    "mw_diff": {
      "value": 0.1382137599957351,
      "std_err": 0.14650233341492794,
      "t_stat": 0.9434236081706786,
      "p_value": 0.34807683648195087,
      "conf_int_lower": -0.15297549117189885,
      "conf_int_upper": 0.42940301116336904
    },
    "tdn_silage_over_mw_dt_diff": {
      "value": 22.755994090338994,
      "std_err": 18.415544984368946,
      "t_stat": 1.2356948496313418,
      "p_value": 0.21989824590981574,
      "conf_int_lower": -13.846895630568788,
      "conf_int_upper": 59.35888381124678
    },
    "tdn_rumput_over_mw_dt_diff": {
      "value": -11.848018622971225,
      "std_err": 36.34135481328272,
      "t_stat": -0.32602027865622635,
      "p_value": 0.7451919134172154,
      "conf_int_lower": -84.08039641401878,
      "conf_int_upper": 60.38435916807633
    },
    "tdn_slobber_over_mw_dt_diff": {
      "value": 6.055489062630132,
      "std_err": 10.540714514328249,
      "t_stat": 0.5744856341947938,
      "p_value": 0.5671217360126315,
      "conf_int_lower": -14.895322399914809,
      "conf_int_upper": 27.00630052517507
    },
    "day_diff_2": {
      "value": -0.0008435558555913618,
      "std_err": 0.0009076913871767425,
      "t_stat": -0.9293421393091919,
      "p_value": 0.3552832259829195,
      "conf_int_lower": -0.0026476907738709264,
      "conf_int_upper": 0.0009605790626882028
    }
  },
  "diagnostics": {
    "normality": {
      "anderson_darling_stat": 0.3610027285485131,
      "pvalue": 0.4393019167922852
    },
    "breusch_pagan": {
      "lm_stat": 2.4147863816206967,
      "lm_pvalue": 0.8778798753275883,
      "f_stat": 0.3823150173498461,
      "f_pvalue": 0.8884949263867238
    },
    "white_test": {
      "stat": 35.25950617472266,
      "pvalue": 0.13241336574036555,
      "f_stat": 1.4672996151347637,
      "f_pvalue": 0.10486372507808457
    },
    "durbin_watson": 2.128187049138059,
    "vif": {
      "Intercept": 296.579507575253,
      "last_adg": 68.71594844023335,
      "mw_diff": 68.08201428984144,
      "tdn_silage_over_mw_dt_diff": 1.947401886939924,
      "tdn_rumput_over_mw_dt_diff": 1.3380304935305507,
      "tdn_slobber_over_mw_dt_diff": 2.312973526842515,
      "day_diff_2": 1.3065719614957858
    },
    "reset": {
      "fvalue": NaN,
      "pvalue": 0.039223048808801834
    },
    "influence": {
      "cooks_distance_max": 0.4804688658240753,
      "cooks_distance_mean": 0.01884773951448596,
      "leverage_max": 0.5396623354445691,
      "leverage_mean": 0.0744680851063831,
      "cooks_distance_array": [
        0.01575370677339517,
        0.007613447454194452,
        0.0014720965707766208,
        0.005351538426312873,
        0.00013553238964832449,
        0.004825338643055329,
        1.6792819052871415e-08,
        0.000846978601878727,
        0.0006073654519490345,
        0.020535041173531596,
        0.00735405944890806,
        0.011937773871218235,
        0.0060338609614496745,
        0.005617243617558577,
        5.302850428709338e-05,
        0.010777790130574595,
        0.2867195684200056,
        0.4804688658240753,
        0.002019968786045746,
        0.016019733468870187,
        0.026035495949331997,
        0.001986503129347316,
        4.4714727434062265e-05,
        0.009338929118229826,
        0.0001912537128085433,
        0.004333975796712579,
        0.0043644153761823595,
        0.022920352108013537,
        8.637908981283971e-05,
        0.00030608759798901673,
        0.06614642133146081,
        4.537325089892365e-06,
        0.03484929727883992,
        0.00045656352524326517,
        0.004057445020311802,
        0.0003434794964633263,
        0.032005152181523604,
        0.01052069285588386,
        0.0006831028276983684,
        0.0037177220314863475,
        0.00019506119027389002,
        0.004072935873782143,
        0.008062729571185895,
        0.013002812484361814,
        0.00013381214543659113,
        0.02073559180094127,
        0.013910578945026793,
        3.628973441012816e-05,
        4.433427098103604e-08,
        0.0034503492964761033,
        0.0030036103984781297,
        0.0009581659726749044,
        1.4040678148716696e-05,
        0.058790305110618245,
        0.011990008989206232,
        0.00731359081965659,
        0.000315155284916799,
        0.0001230921087227074,
        0.003238964567182781,
        0.025326275800726557,
        0.0076396471761699695,
        0.0028156876141981263,
        0.0028001198676972216,
        0.01229005362725993,
        0.1105972785487327,
        0.024670027565659624,
        0.0004148551662788496,
        0.003437195836037243,
        0.0026608618773274182,
        0.0024630450768975453,
        0.0006626375773674605,
        0.0029788767318520253,
        0.007366157415104486,
        0.006745979247447132,
        0.005442726786909805,
        0.03425172712617507,
        0.008434876088919555,
        0.010836985412886895,
        0.0004063223742998327,
        0.005186410048210589,
        0.0010663227227804,
        0.012700821737476295,
        0.015104076657056207,
        0.0006589518284925783,
        0.011391879798173618,
        8.689155986393247e-05,
        0.020056053290705644,
        0.002106707673697852,
        0.012164472798435022,
        0.01413725145254561,
        0.013851847378702396,
        0.010271173774667484,
        0.1164605080326306,
        0.008320193594106119
      ],