{
  "title": "Limousin_book_adg_1",
  "n": 1,
  "group_col": "cow_id",
  "time_col": "pred_date",
  "entity_effects": true,
  "time_effects": false,
  "independent_variables": [
    "metabolic_weight",
    "tdn_silage_over_mw_dt",
    "tdn_rumput_over_mw_dt",
    "tdn_slobber_over_mw_dt",
    "day_diff"
  ],
  "dependent_variable": "pred_adgLatest_average",
  "summary": {
    "r2": 0.4602535873289846,
    "r2_within": 0.4602535873289846,
    "r2_between": -3.653544718656633,
    "r2_overall": -3.647604179984281,
    "f_statistic": 37.178674904459136,
    "f_pvalue": 1.1102230246251565e-16,
    "n_entities": 16,
    "n_obs": 239
  },
  "coefficients": {
    "metabolic_weight": -0.015838677011822577,
    "tdn_silage_over_mw_dt": 18.492529992636705,
    "tdn_rumput_over_mw_dt": 29.42363033738495,
    "tdn_slobber_over_mw_dt": 7.48393162461161,
    "day_diff": -0.049279934417510024
  },
  "std_errors": {
    "metabolic_weight": 0.004997144056169358,
    "tdn_silage_over_mw_dt": 8.427230989194094,
    "tdn_rumput_over_mw_dt": 11.94842707374481,
    "tdn_slobber_over_mw_dt": 4.4690265299367535,
    "day_diff": 0.009649607635079127
  },
  "pvalues": {
    "metabolic_weight": 0.0017460627605019319,
    "tdn_silage_over_mw_dt": 0.02926439723171126,
    "tdn_rumput_over_mw_dt": 0.014570423524333354,
    "tdn_slobber_over_mw_dt": 0.09544229099073975,
    "day_diff": 7.132391743880362e-07
  },
  "diagnostics": {
    "residual_normality": {
      "anderson_darling_stat": 2.650149224317545,
      "pvalue": 1.0649195188280834e-06
    },
    "durbin_watson": 1.176439498572189,
    "n_entities": 16,
    "n_obs": 239
  },
  "cross_validation": null
}