{
  "title": "_naive_wg",
  "n": 1,
  "formula": "pred_weight_gain ~ originWeight + metabolic_weight_Limousin + metabolic_weight_Simental + metabolic_weight_Other + per_slobber_dm_log + avg_real_dm_inake_per_weight_per_day_log",
  "independent_variables": [
    "originWeight",
    "metabolic_weight_Limousin",
    "metabolic_weight_Simental",
    "metabolic_weight_Other",
    "per_slobber_dm_log",
    "avg_real_dm_inake_per_weight_per_day_log"
  ],
  "dependent_variable": "pred_weight_gain",
  "summary": {
    "r_squared": 0.818479177216332,
    "adj_r_squared": 0.8042422499391816,
    "f_statistic": 57.489875538659994,
    "f_pvalue": 2.7701130981975286e-18,
    "aic": 196.32600592916475,
    "bic": 206.45276438284048,
    "n_observations": 56
  },
  "coefficients": {
    "Intercept": {
      "value": -10.852159394093539,
      "std_err": 3.3795200845873423,
      "t_stat": -3.2111539870959653,
      "p_value": 0.0022902425839647455,
      "conf_int_lower": -17.636829067367486,
      "conf_int_upper": -4.067489720819589
    },
    "originWeight": {
      "value": 0.09558102570850474,
      "std_err": 0.012556063678527267,
      "t_stat": 7.612339994098827,
      "p_value": 5.890454442278275e-10,
      "conf_int_lower": 0.07037367604844125,
      "conf_int_upper": 0.12078837536856823
    },
    "metabolic_weight_Limousin": {
      "value": -5.280068307899026e-14,
      "std_err": 1.6690808788820322e-14,
      "t_stat": -3.163458628461235,
      "p_value": 0.002627091853942699,
      "conf_int_lower": -8.630887991687086e-14,
      "conf_int_upper": -1.9292486241109668e-14
    },
    "metabolic_weight_Simental": {
      "value": -0.24855110839481048,
      "std_err": 0.030754578172865886,
      "t_stat": -8.081759632590307,
      "p_value": 1.0826670257759112e-10,
      "conf_int_lower": -0.3102935003975657,
      "conf_int_upper": -0.18680871639205526
    },
    "metabolic_weight_Other": {
      "value": 0.0,
      "std_err": 0.0,
      "t_stat": NaN,
      "p_value": NaN,
      "conf_int_lower": 0.0,
      "conf_int_upper": 0.0
    },
    "per_slobber_dm_log": {
      "value": -9.385697378213116,
      "std_err": 3.272615020875799,
      "t_stat": -2.8679503450122796,
      "p_value": 0.005994069196720909,
      "conf_int_lower": -15.95574618061519,
      "conf_int_upper": -2.815648575811042
    },
    "avg_real_dm_inake_per_weight_per_day_log": {
      "value": 3.033265714897875,
      "std_err": 3.4805836855497274,
      "t_stat": 0.8714819090519289,
      "p_value": 0.3875751994311012,
      "conf_int_lower": -3.9542976034378343,
      "conf_int_upper": 10.020829033233586
    }
  },
  "diagnostics": {
    "normality": {
      "anderson_darling_stat": 0.32369819325197824,
      "pvalue": 0.5173011570219571
    },
    "breusch_pagan": {
      "lm_stat": 17.501978806250733,
      "lm_pvalue": 0.0076050959959371115,
      "f_stat": 5.796407785653375,
      "f_pvalue": 0.0006348340972281718
    },
    "white_test": {
      "stat": 37.43687011243757,
      "pvalue": 0.000633307685746684,
      "f_stat": 5.906145615017344,
      "f_pvalue": 3.98154824388046e-06
    },
    "durbin_watson": 0.27414985951017484,
    "vif": {
      "Intercept": 357.06577855641854,
      "originWeight": 4.223391716567706,
      "metabolic_weight_Limousin": NaN,
      "metabolic_weight_Simental": 5.051989925408414,
      "metabolic_weight_Other": NaN,
      "per_slobber_dm_log": 1.224700482857798,
      "avg_real_dm_inake_per_weight_per_day_log": 2.159537515932574
    },
    "reset": {
      "fvalue": NaN,
      "pvalue": 0.026236330337030732
    },
    "influence": {
      "cooks_distance_max": 0.12755884423906824,
      "cooks_distance_mean": 0.013324298824130335,
      "leverage_max": 0.21636493949490504,
      "leverage_mean": 0.08928571428571433,
      "cooks_distance_array": [
        0.12755884423906824,
        0.005177273512276503,
        0.006148087367946525,
        0.0005210634952128239,
        0.0009472817922199747,
        0.032692507090939,
        0.10990473257804191,
        0.001966232695180017,
        0.0021765261164740203,
        0.012782914696553533,
        0.002235996577833774,
        0.005687759271416118,
        0.006657059956930147,
        0.0030675071481110704,
        0.0002741554245533607,
        0.0005968183019130034,
        0.0006057203513298918,
        0.0003773079568575287,
        0.002507046844459858,
        0.0027965174825226144,
        0.05053809265450026,
        0.03496425288834176,
        0.016446203802826357,
        0.01842410928079212,
        0.02370011050448108,
        0.03297244794528235,
        0.01869848694730328,
        0.011227209052880662,
        0.0017918669562795892,
        0.00042725068093963514,
        0.00018523456285323786,
        0.012566976556564202,
        0.0028919469085050137,
        0.005308892896583917,
        0.005702878526223099,
        0.010716045810941977,
        0.002961233860338289,
        0.000278695915619881,
        0.0032860407581931993,
        0.0024434451918875595,
        0.0014381478654365925,
        0.002249799365307087,
        0.00013811265824678352,
        0.0007997180047330019,
        0.015697383787413043,
        0.007164020211747076,
        0.010140538624718308,
        0.011615955330868998,
        0.019161588094233812,
        0.020179055812700356,
        0.016325194903845586,
        0.014625333028008745,
        0.01462559258624865,
        0.009461438966863881,
        0.00867561220393983,
        0.013650468105809712
      ],
      "leverage_array": [
        0.18570348528017083,
        0.21636493949490504,
        0.14604812137025217,
        0.15581623950546272,
        0.15760366559491046,
        0.15187348653543215,
        0.14719488636574468,
        0.1415934605477745,
        0.13946881401829525,
        0.11562318841454365,
        0.056242448401023694,
        0.0523773136682778,
        0.06523716415755454,
        0.05195671449488953,
        0.05445161009619123,
        0.047934675446008185,
        0.07428415931167198,
        0.051239373319269095,
        0.10218856656130026,
        0.09219044291427736,
        0.14442313206480772,
        0.0818586736931316,
        0.03933044336473078,
        0.04242801631433399,
        0.05364255103837695,
        0.06794107049425707,
        0.058063235563250215,
        0.07615905544750542,
        0.07019711787642716,
        0.07929506618798135,
        0.07599365239554395,
        0.14690684980059904,
        0.1337900327223066,
        0.1299357034166762,
        0.11028675902560388,
        0.06131568360448206,
        0.06075218052852006,
        0.06193820682283216,
        0.050576921427564044,
        0.05837234444273762,
        0.06020569974570292,
        0.07040662521974522,
        0.05368209011252785,
        0.09855507526034524,
        0.10961816673240982,
        0.19302757063693132,
        0.1253482263947694,
        0.04400180499857238,
        0.04398433315364139,
        0.04594559476499352,
        0.0512321583661266,
        0.048081262729101015,
        0.07054700224180899,
        0.06309249187381319,
        0.05607410862127761,
        0.05759833741861328
      ],