{
  "title": "_weight_test_adg",
  "n": 1,
  "formula": "pred_adgLatest_average ~ weight",
  "independent_variables": [
    "weight"
  ],
  "dependent_variable": "pred_adgLatest_average",
  "summary": {
    "r_squared": 0.2110994736795213,
    "adj_r_squared": 0.19649020467358647,
    "f_statistic": 14.449694477784298,
    "f_pvalue": 0.00036790160374156067,
    "aic": 18.09343410536414,
    "bic": 22.14413748683444,
    "n_observations": 56
  },
  "coefficients": {
    "Intercept": {
      "value": 1.6666869262856965,
      "std_err": 0.23327495429974784,
      "t_stat": 7.144731552038281,
      "p_value": 2.397891893557979e-09,
      "conf_int_lower": 1.1989988019571165,
      "conf_int_upper": 2.1343750506142762
    },
    "weight": {
      "value": -0.001749592848905201,
      "std_err": 0.00046026469440730113,
      "t_stat": -3.8012753751582284,
      "p_value": 0.00036790160374155665,
      "conf_int_lower": -0.0026723680018066044,
      "conf_int_upper": -0.0008268176960037977
    }
  },
  "diagnostics": {
    "normality": {
      "anderson_darling_stat": 1.1857582513017277,
      "pvalue": 0.003909216124407185
    },
    "breusch_pagan": {
      "lm_stat": 16.245950989230415,
      "lm_pvalue": 5.5628350711372415e-05,
      "f_stat": 22.067723294821675,
      "f_pvalue": 1.8508488181433124e-05
    },
    "white_test": {
      "stat": 18.491521326471293,
      "pvalue": 9.651996660136361e-05,
      "f_stat": 13.064387905908877,
      "f_pvalue": 2.4403251852803996e-05
    },
    "durbin_watson": 0.41657436943176934,
    "vif": {
      "Intercept": 39.02169319541971,
      "weight": 0.9999999999999998
    },
    "reset": {
      "fvalue": NaN,
      "pvalue": 2.9619555454333975e-23
    },
    "influence": {
      "cooks_distance_max": 0.3339149884198584,
      "cooks_distance_mean": 0.02609919188608163,
      "leverage_max": 0.10123206951898558,
      "leverage_mean": 0.03571428571428572,
      "cooks_distance_array": [
        0.04078277331668837,
        0.13737639874805482,
        0.10914026248203,
        0.08573388029337342,
        0.08987222874180689,
        0.15081225064201634,
        0.3339149884198584,
        0.02191996557680099,
        0.02448855181910138,
        0.02499126590253757,
        0.024077407782210913,
        0.023635497590871624,
        0.018312275488382164,
        0.011257728160512757,
        0.0053276789431121385,
        0.001566916155501281,
        0.0015483641287858457,
        0.0021915968352530287,
        0.001381675730559843,
        0.0011954537791540472,
        0.0007985357771885446,
        0.0002848520986396511,
        0.0019099475604051458,
        0.0015942800773241833,
        0.0013967938464029153,
        0.0013436547882114708,
        2.3003092049900508e-05,
        0.0010865958534432283,
        0.02086441568588645,
        0.011733753149182001,
        0.004259141610589815,
        0.03255154371164095,
        0.018196356497112032,
        0.009913140514717533,
        0.005577851343446659,
        0.0052110635639882425,
        0.008124632447370746,
        0.012601633716368282,
        0.01398559803080965,
        0.010892565114425379,
        0.008207108897043711,
        0.007759210026559819,
        0.0035607103178414584,
        0.0007828009259896103,
        0.00024577978130319614,
        0.00239826632094601,
        0.011843217247321968,
        0.010877551408552087,
        0.017778902770137325,
        0.01926302021164613,
        0.016307179021930344,
        0.018631961803221832,
        0.014152114917567895,
        0.0282500981832372,
        0.017335631849789125,
        0.012284672921668955
      ],
      "leverage_array": [
        0.10123206951898558,
        0.09235175080027952,
        0.0861206234444788,
        0.08053925104901222,
        0.07503756982244802,
        0.0700672966828037,
        0.06640859199893229,
        0.045670829105756636,
        0.039324902482281,
        0.033729763979455,
        0.028952451414622285,
        0.02503007162682494,
        0.021954460977228134,
        0.01979683799306027,
        0.018503618556126693,
        0.017929712155153623,
        0.017900100475364923,
        0.018313129668705228,
        0.019169389873796433,
        0.02039119468232576,
        0.021957844831545212,
        0.0238115132827718,
        0.02602054287486337,
        0.02857406125306243,
        0.03136866991484452,
        0.034387393501644936,
        0.03762471016803863,
        0.04075681600531321,
        0.04367953585278521,
        0.04621238103199797,
        0.04860471060560834,
        0.039758926886502594,
        0.0339134679098311,
        0.029275385163566245,
        0.025649727162883967,
        0.022861209849921002,
        0.020712010052059755,
        0.019115238244469115,
        0.018133729315277448,
        0.017862464979190234,
        0.018268947342947667,
        0.019245089992485462,
        0.020739871912484747,
        0.02253939320427502,
        0.024491191389305896,
        0.026399102545615324,
        0.028246823085659678,
        0.030070913955922943,
        0.03173855721591207,
        0.033251785839946285,
        0.034795910529893975,
        0.03651811057736684,
        0.03824032535273161,
        0.04020667888623969,
        0.04226620856117898,
        0.04427713441421588
      ],
      "studentized_resid_array": [
        -0.8487717080489244,
        -1.6702745785147637,
        -1.5412018774556175,
        -1.4119295247541093,
        -1.5058755550563803,
        -2.0600038772506473,
        -3.3397503377885154,
        0.9563590866986912,
        1.0958659851941854,
        1.2015129212775901,
        1.2782983975827824,
        1.3678437186327708,
        1.2850129553634342,
        1.0569913025890771,
        0.7487310920254546,
        0.4111070335591594,
        0.4090034813206488,
        0.4812696777316275,
        0.37301070116771573,
        0.3361164967126852,
        0.2644072863530933,
        -0.15143736581628445,
        0.37511050712373956,
        0.3265078059336545,
        0.2912061719224253,
        0.2723362152787239,
        0.03398517758505749,
        -0.22416101585902518,
        -0.9550523411836433,
        -0.6925923271321317,
        -0.40516315297399413,
        1.260756783212049,
        1.01854353365353,
        0.8081988287381725,
        0.6474653064009677,
        0.6639670273312464,
        0.8746084152540341,
        1.1403877174971806,
        1.2366775901184694,
        1.0964972386430707,
        0.9381384358708895,
        0.8875416715362596,
        0.5762709601747705,
        0.2583053697307663,
        -0.13864956728577513,
        -0.4173622549524635,
        -0.9011266425961914,
        -0.8353308556873925,
        -1.042360205626612,
        -1.0595439341820925,
        -0.9502978475128855,
        -0.991386340218467,
        -0.841435496724162,
        -1.1651941780015225,
        -0.8845738378503497,
        -0.7250320657932835
      ]
    }
  },
  "cross_validation": null
}