{
  "title": "book_wg_1",
  "n": 2,
  "formula": "pred_weight_gain ~ metabolic_weight_Limousin + metabolic_weight_Simental + tdn_silage_over_mw + tdn_rumput_over_mw + tdn_slobber_over_mw + total_tdn_mw_2 + day_diff",
  "independent_variables": [
    "metabolic_weight_Limousin",
    "metabolic_weight_Simental",
    "tdn_silage_over_mw",
    "tdn_rumput_over_mw",
    "tdn_slobber_over_mw",
    "total_tdn_mw_2",
    "day_diff"
  ],
  "dependent_variable": "pred_weight_gain",
  "summary": {
    "r_squared": 0.5292984685965698,
    "adj_r_squared": 0.5050711838919815,
    "f_statistic": 21.847205539146852,
    "f_pvalue": 1.4362204931264443e-19,
    "aic": 933.0252484507673,
    "bic": 956.7837548473753,
    "n_observations": 144
  },
  "coefficients": {
    "Intercept": {
      "value": -16.422339020209535,
      "std_err": 59.36869664969311,
      "t_stat": -0.27661612848114336,
      "p_value": 0.7824948288244217,
      "conf_int_lower": -133.8275448691274,
      "conf_int_upper": 100.98286682870832
    },
    "metabolic_weight_Limousin": {
      "value": -0.0902046478735529,
      "std_err": 0.03637081857423785,
      "t_stat": -2.4801379625105984,
      "p_value": 0.014354262197168115,
      "conf_int_lower": -0.1621301520967303,
      "conf_int_upper": -0.0182791436503755
    },
    "metabolic_weight_Simental": {
      "value": -0.13302073612967172,
      "std_err": 0.03999227690917625,
      "t_stat": -3.326160609253784,
      "p_value": 0.0011323566647105411,
      "conf_int_lower": -0.2121078943099083,
      "conf_int_upper": -0.053933577949435124
    },
    "tdn_silage_over_mw": {
      "value": 113.63571808275685,
      "std_err": 67.12471049936367,
      "t_stat": 1.6929044049111257,
      "p_value": 0.09276317396867327,
      "conf_int_lower": -19.10747653759441,
      "conf_int_upper": 246.3789127031081
    },
    "tdn_rumput_over_mw": {
      "value": 113.47088953558097,
      "std_err": 72.22742083579345,
      "t_stat": 1.5710223101217073,
      "p_value": 0.11850112490571499,
      "conf_int_lower": -29.36322490015479,
      "conf_int_upper": 256.30500397131675
    },
    "tdn_slobber_over_mw": {
      "value": 80.02906598417536,
      "std_err": 67.13217443009715,
      "t_stat": 1.192111929392476,
      "p_value": 0.23529333086975368,
      "conf_int_lower": -52.728889012833264,
      "conf_int_upper": 212.78702098118399
    },
    "total_tdn_mw_2": {
      "value": -17.41071584393971,
      "std_err": 19.976811584038465,
      "t_stat": -0.871546281081758,
      "p_value": 0.3849919010693825,
      "conf_int_lower": -56.91607487292568,
      "conf_int_upper": 22.094643185046255
    },
    "day_diff": {
      "value": -2.4327859522012885,
      "std_err": 0.5081389888158707,
      "t_stat": -4.787638826673135,
      "p_value": 4.345630745984648e-06,
      "conf_int_lower": -3.4376616855158186,
      "conf_int_upper": -1.427910218886758
    }
  },
  "diagnostics": {
    "normality": {
      "anderson_darling_stat": 0.4086019955956033,
      "pvalue": 0.3420292019831667
    },
    "breusch_pagan": {
      "lm_stat": 26.638421441961068,
      "lm_pvalue": 0.0003870824483956748,
      "f_stat": 4.409845880469192,
      "f_pvalue": 0.0001924461686009787
    },
    "white_test": {
      "stat": 47.41555756063842,
      "pvalue": 0.049843608633645245,
      "f_stat": 1.6364111501155147,
      "f_pvalue": 0.030656494355029047
    },
    "durbin_watson": 0.8004327568099674,
    "vif": {
      "Intercept": 14042.381001252686,
      "metabolic_weight_Limousin": 10.99834721171531,
      "metabolic_weight_Simental": 10.89154229731149,
      "tdn_silage_over_mw": 500.64644622041214,
      "tdn_rumput_over_mw": 195.8727351857267,
      "tdn_slobber_over_mw": 402.3885610531401,
      "total_tdn_mw_2": 482.7452559989366,
      "day_diff": 2.338199943014994
    },
    "reset": {
      "fvalue": NaN,
      "pvalue": 0.30178513025790366
    },
    "influence": {
      "cooks_distance_max": 0.28346077724233504,
      "cooks_distance_mean": 0.009112059368375662,
      "leverage_max": 0.4260148407425138,
      "leverage_mean": 0.055555555555555566,