{
  "title": "weight_test_adg",
  "n": 1,
  "formula": "pred_adgLatest_average ~ weight",
  "group_col": "cow_id",
  "independent_variables": [
    "weight"
  ],
  "dependent_variable": "pred_adgLatest_average",
  "summary": {
    "aic": 1039.7293213429828,
    "bic": 1054.9977659828355,
    "llf": -515.8646606714914,
    "scale": 1.1613962749867195,
    "n_groups": 19
  },
  "fixed_effect_params": {
    "Intercept": 2.1146076255584836,
    "weight": -0.002475897928180762
  },
  "variance_components": null,
  "random_effects": {
    "8gbYwc19Uym8pYkzdDE0": 0.09863240763617626,
    "8wkJbFQCFsHFffZxZclM": -0.05489798819522194,
    "A-015": -0.22976376053298114,
    "A-016": -0.5324776495161708,
    "A-017": -0.3961744607996192,
    "A-018": -0.46734305995324626,
    "A-019": -0.43102667520407356,
    "A-020": -0.5047466964802981,
    "A-021": -0.39763162495823473,
    "A-022": -0.48391857646889064,
    "BjpF4HqloBBZLCJzy4M2": 0.22169916934908704,
    "HdbJycZ4RoMW0B0FykPa": 0.08099458831302314,
    "HrA34qZsRVnBHpckZpdk": 0.4994868462724459,
    "JjCr6CEnZ64ZbCOXR0lu": 0.21197259632596296,
    "NUOTwEZyV0DQgXY9JrM8": 0.7679851569395681,
    "hxrGeSGjhhvz6QapYMGG": 0.7023403054225189,
    "qpqgpDYs4n0s9Odwu05Q": 0.6621774984529998,
    "swfkCAh93xbCh119cCk6": 0.0023907582969148852,
    "x0cEeGhpesxYJXfTZNXJ": 0.250301165100025
  },
  "diagnostics": {
    "residual_normality": {
      "anderson_darling_stat": 0.9283672589272101,
      "pvalue": 0.018275721627543505
    },
    "durbin_watson": 2.4336655139521293,
    "groups": 19,
    "n_obs": 336
  },
  "cross_validation": {
    "mean_r2": -7.092480602527692,
    "std_r2": 4.237379047052571,
    "mean_mae": 2.773494964575569,
    "std_mae": 1.01198685107155,
    "mean_rmse": 2.9980341488314037,
    "std_rmse": 1.030638769237168,
    "fold_metrics": {
      "r2": [
        -7.256788932627455,
        -13.114902582237486,
        0.03612811014416162,
        -8.61691697331875,
        -6.509922634598927
      ],
      "mae": [
        3.5083593952566736,
        3.3262933666618544,
        0.7708960416554477,
        3.198066945068841,
        3.063859074235029
      ],
      "rmse": [
        3.819594838046313,
        3.4826573560141716,
        0.9648923542254587,
        3.4025026966952074,
        3.3205234991758688
      ]
    },
    "n_splits": 5
  }
}