{
  "title": "weight_test_adg",
  "n": 1,
  "formula": "pred_adgLatest_average ~ weight",
  "independent_variables": [
    "weight"
  ],
  "dependent_variable": "pred_adgLatest_average",
  "measurement_error_sd": 0.11547005383792516,
  "simex_parameters": {
    "lambdas": [
      0.0,
      0.5,
      1.0,
      1.5,
      2.0
    ],
    "n_simulations": 100,
    "extrapolation_method": "quadratic"
  },
  "naive_results": {
    "r_squared": 0.000740226195982574,
    "adj_r_squared": -0.0022249363375606013,
    "f_statistic": 0.24964101886789156,
    "f_pvalue": 0.6176540109783064,
    "aic": 1048.9652590776464,
    "bic": 1056.6172592924072,
    "n_observations": 339,
    "coefficients": {
      "Intercept": {
        "value": 1.133701820068683,
        "std_err": 0.25507663237249645,
        "t_stat": 4.444553817117605,
        "p_value": 1.1967561125769797e-05,
        "conf_int_lower": 0.6319588694338618,
        "conf_int_upper": 1.6354447707035042
      },
      "weight": {
        "value": -0.0002468957837680091,
        "std_err": 0.0004941464735072846,
        "t_stat": -0.4996408899078573,
        "p_value": 0.6176540109783113,
        "conf_int_lower": -0.001218895873926287,
        "conf_int_upper": 0.0007251043063902689
      }
    }
  },
  "simex_results": {
    "corrected_coefficients": {
      "Intercept": 1.1278842466238865,
      "weight": -0.00024102176256729228
    },
    "extrapolation_info": {
      "Intercept": {
        "method": "quadratic",
        "coefficients": [
          -0.0026481654566135725,
          0.002563272486545606,
          1.1330956845670457
        ],
        "lambda_values": [
          0.0,
          0.5,
          1.0,
          1.5,
          2.0
        ],
        "param_values": [
          1.1337018200686833,
          1.1319991031156165,
          1.1345225075788092,
          1.130682776040928,
          1.1275273375393227
        ]
      },
      "weight": {
        "method": "quadratic",
        "coefficients": [
          3.4913595657771844e-06,
          -1.8761657035790602e-06,
          -0.0002463892878366485
        ],
        "lambda_values": [
          0.0,
          0.5,
          1.0,
          1.5,
          2.0
        ],
        "param_values": [
          -0.00024689578376800917,
          -0.0002443027467060056,
          -0.00024819047065925226,
          -0.00023894459254693797,
          -0.00023680847727760473
        ]
      }
    }
  },
  "correction_summary": {
    "Intercept": {
      "naive": 1.133701820068683,
      "corrected": 1.1278842466238865,
      "change_percent": -0.5131484612456608
    },
    "weight": {
      "naive": -0.0002468957837680091,
      "corrected": -0.00024102176256729228,
      "change_percent": -2.379150065290805
    }
  },
  "diagnostics": {
    "normality": {
      "error": "name 'normal_ad' is not defined"
    },
    "breusch_pagan": {
      "error": "name 'het_breuschpagan' is not defined"
    },
    "white_test": {
      "error": "name 'het_white' is not defined"
    },
    "durbin_watson": {
      "error": "name 'durbin_watson' is not defined"
    },
    "vif": {
      "Intercept": NaN,
      "weight": NaN
    },
    "reset": {
      "error": "name 'linear_reset' is not defined"
    },
    "influence": {
      "error": "name 'OLSInfluence' is not defined"
    }
  },
  "cross_validation": {
    "mean_r2": -0.03935792267148761,
    "std_r2": 0.02064236360424538,
    "mean_mae": 0.8776365188727189,
    "std_mae": 0.05245339742596711,
    "mean_rmse": 1.1392104553435498,
    "std_rmse": 0.08647601555858439,
    "fold_metrics": {
      "r2": [
        -0.039001453235361305,
        -0.0586428465838873,
        -0.019719887133477387,
        -0.013515420187144578,
        -0.06591000621756749
      ],
      "mae": [
        0.8747986695019176,
        0.7822746332942824,
        0.9343584605631378,
        0.8813861606396545,
        0.9153646703646018
      ],
      "rmse": [
        1.0979177905101114,
        1.0291302578763826,
        1.2159980558579098,
        1.090218800122771,
        1.2627873723505736
      ]
    },
    "n_splits": 5,
    "corrected": true
  },
  "simulation_results": [
    {
      "lambda": 0.0,
      "params": {
        "Intercept": 1.1337018200686833,
        "weight": -0.00024689578376800917
      },
      "params_std": {
        "Intercept": 2.220446049250313e-16,
        "weight": 5.421010862427522e-20
      }
    },
    {
      "lambda": 0.5,
      "params": {
        "Intercept": 1.1319991031156165,
        "weight": -0.0002443027467060056
      },
      "params_std": {
        "Intercept": 0.017910193630646207,
        "weight": 3.609325265420632e-05
      }
    },
    {
      "lambda": 1.0,
      "params": {
        "Intercept": 1.1345225075788092,
        "weight": -0.00024819047065925226
      },
      "params_std": {
        "Intercept": 0.025053429155437297,
        "weight": 4.7067162074372635e-05
      }
    },
    {
      "lambda": 1.5,
      "params": {
        "Intercept": 1.130682776040928,
        "weight": -0.00023894459254693797
      },
      "params_std": {
        "Intercept": 0.03454773753466121,
        "weight": 6.804657292034271e-05
      }
    },
    {
      "lambda": 2.0,
      "params": {
        "Intercept": 1.1275273375393227,
        "weight": -0.00023680847727760473
      },
      "params_std": {
        "Intercept": 0.036720822534383794,
        "weight": 7.051613386865886e-05
      }
    }
  ]
}