{
  "title": "weight_test_adg",
  "n": 2,
  "formula": "pred_adgLatest_average ~ weight",
  "independent_variables": [
    "weight"
  ],
  "dependent_variable": "pred_adgLatest_average",
  "summary": {
    "r_squared": 0.0006179811199934493,
    "adj_r_squared": -0.005829644808264645,
    "f_statistic": 0.0958463048057677,
    "f_pvalue": 0.7572881562872659,
    "aic": 364.71965335331106,
    "bic": 370.8321449640077,
    "n_observations": 157
  },
  "coefficients": {
    "Intercept": {
      "value": 1.0668142111158558,
      "std_err": 0.25899450495751475,
      "t_stat": 4.119061179660376,
      "p_value": 6.171432660530393e-05,
      "conf_int_lower": 0.5551997990109243,
      "conf_int_upper": 1.5784286232207874
    },
    "weight": {
      "value": -0.0001548710109637121,
      "std_err": 0.0005002446427030307,
      "t_stat": -0.3095905437924919,
      "p_value": 0.757288156287321,
      "conf_int_lower": -0.0011430478405344226,
      "conf_int_upper": 0.0008333058186069983
    }
  },
  "diagnostics": {
    "normality": {
      "anderson_darling_stat": 0.30397189539536384,
      "pvalue": 0.5674894808792925
    },
    "breusch_pagan": {
      "lm_stat": 4.433468842449134,
      "lm_pvalue": 0.03524081622761881,
      "f_stat": 4.504183619865993,
      "f_pvalue": 0.035401273957782746
    },
    "white_test": {
      "stat": 4.438361606133766,
      "pvalue": 0.10869811752666601,
      "f_stat": 2.2401033921122306,
      "f_pvalue": 0.10990520389565135
    },
    "durbin_watson": 2.2636971359592573,
    "vif": {
      "Intercept": 17.846865769383747,
      "weight": 1.0000000000000002
    },
    "reset": {
      "fvalue": NaN,
      "pvalue": 0.011732609966104441
    },
    "influence": {
      "cooks_distance_max": 0.09290394677691567,
      "cooks_distance_mean": 0.006456850362919039,
      "leverage_max": 0.041661122810194365,
      "leverage_mean": 0.012738853503184712,
      "cooks_distance_array": [
        0.004761508718773861,
        0.0019350642565229828,
        8.002772003628136e-05,
        0.002887009993789898,
        0.004772743970388058,
        3.878661509987865e-05,
        7.497851352519779e-07,
        0.002509663351625582,
        0.00017474851491378063,
        2.0646764625650612e-05,
        0.00019749326003477865,
        0.002084552275178713,
        0.00010523838097761397,
        2.990367918534808e-08,
        0.0026709194158417424,
        0.0012593971748897535,
        0.009296672476086258,
        0.005191086753337322,
        0.008160516906202578,
        0.0010573721250506836,
        0.0007749904037743787,
        0.0004167087981192492,
        0.0016476199150834763,
        0.0028058647431647736,
        0.0022573605461761906,
        0.009881780004805855,
        0.0007687082639524844,
        0.008863154580271738,
        0.003242571925912416,
        0.0008704703927247284,
        0.04264442362810175,
        0.0012980648882259195,
        0.0015995759153232285,
        0.030387671268644563,
        0.004361766847978591,
        0.0006013219426215988,
        0.005109420721571926,
        0.00040524283639947187,
        0.018633309223994823,
        0.0026941147302385966,
        0.001183035256725578,
        0.004645592315154025,
        0.0496843823221503,
        0.001579289416147202,
        0.000539699980303111,
        3.5960907618169536e-06,
        0.036427656263571605,
        6.212100352881103e-05,
        0.002701858612866877,
        0.023223250011819647,
        0.0335496483783477,
        0.0036695804986897522,
        0.02632239520850478,
        0.009080660303322134,
        0.09290394677691567,
        0.0027485692593144815,
        0.004406631866411788,
        0.0018826791957924215,
        0.0002526863874579166,
        0.0007585356406358916,
        0.0026096287343796982,
        0.006524648561283743,
        0.003832875497213055,
        0.000315652039041372,
        0.0032736960471413225,
        6.286385002988771e-06,
        0.0005209233609488519,
        5.260715985042578e-06,
        0.03461452866981986,
        0.0010769407211299042,
        0.03250781036305943,
        5.169127716722286e-05,
        0.012621809448043595,
        0.0032616717636541736,
        3.499690950258684e-06,
        0.0005295692757299196,
        0.0003033338908815073,
        0.0016394383873211044,
        0.003993936496261887,
        0.0009185953060833905,
        0.0031718256082116543,
        0.00043256029663963497,
        0.0002793309891253813,
        0.013374390359886416,
        0.0072777606519015626,
        0.001166439550637919,
        0.00010273433664161619,
        0.0001400881858332869,
        0.004061583788409154,
        0.0044656901841609595,
        0.005281604965786514,
        0.006608259892747803,
        0.00041911079233142057,
        0.0002977804695615505,
        0.002367255343798915,
        0.0023274710440234587,
        0.01468488292956001,
        0.013772286811932554,
        0.0010251271071324943,
        0.0071924517200209585,
        0.00433542206831887,
        0.0023957892438803367,
        0.010314865304591409,
        0.0004319880894658702,
        0.008846560025367309,
        0.00822627830477379,
        0.005098448053339182,
        0.014259869924833054,
        0.0008784904155822095,
        0.00900510192490775,
        0.0001087463113141389,
        0.006539789934520526,
        0.0002708202639834792,
        0.0013746867243623066,
        0.0015373681511205682,
        0.009892143595673492,
        0.056541039651972956,
        0.024610146483969513,
        0.002745040909253813,
        0.0024707535005189735,
        0.00017987444037217835,
        0.009489021928874596,
        0.02189767404619898,
        0.0005760781802249115,
        0.0022969624456592856,
        0.0008872860621290644,
        0.0011696063643531855,
        0.00012958462079119948,
        3.1969161577318255e-05,
        0.005974366284393468,
        8.959384762769459e-05,
        0.011249690288835242,
        0.002621325058417911,
        1.3646714249339484e-05,
        0.008077571393173073,
        0.012093643473235577,
        0.0002298570598309897,
        1.7472202957211209e-06,
        0.005048233726921335,
        0.0003226381956178315,
        0.004026199471212995,
        0.003200851918898342,
        0.0017645126032663858,
        0.0004897709516778867,
        0.012633322468033776,
        0.00016294258321716506,
        0.007405249250745538,
        0.01661669846998055,
        0.000843766192393245,
        0.00031353926100331905,
        0.0038811090643412222,
        0.006158889859119819,
        0.0009169240440957237,
        0.012534571621052117,
        0.0025863050643041238,
        0.0024917388377004553,
        0.006280779535579194
      ],