{
  "title": "weight_test_adg",
  "n": 3,
  "formula": "pred_adgLatest_average ~ weight",
  "group_col": "cow_id",
  "independent_variables": [
    "weight"
  ],
  "dependent_variable": "pred_adgLatest_average",
  "summary": {
    "aic": 176.35898859249886,
    "bic": 186.574496158901,
    "llf": -84.17949429624943,
    "scale": 0.24072652445005127,
    "n_groups": 19
  },
  "fixed_effect_params": {
    "Intercept": 1.954871618752921,
    "weight": -0.0022918707763164253
  },
  "variance_components": null,
  "random_effects": {
    "8gbYwc19Uym8pYkzdDE0": 0.2311439641643419,
    "8wkJbFQCFsHFffZxZclM": 0.015457601057301696,
    "A-015": -0.18722614698568854,
    "A-016": -0.6875037194373115,
    "A-017": -0.35840457423132127,
    "A-018": -0.7173649768184133,
    "A-019": -0.5562621028928988,
    "A-020": -0.45782407144667875,
    "A-021": -0.26022485465671225,
    "A-022": -0.6258084704790656,
    "BjpF4HqloBBZLCJzy4M2": 0.3659006121063335,
    "HdbJycZ4RoMW0B0FykPa": 0.0846613627992973,
    "HrA34qZsRVnBHpckZpdk": 0.5527644225216809,
    "JjCr6CEnZ64ZbCOXR0lu": 0.21767662141252095,
    "NUOTwEZyV0DQgXY9JrM8": 0.7946258923856931,
    "hxrGeSGjhhvz6QapYMGG": 0.7475141878819591,
    "qpqgpDYs4n0s9Odwu05Q": 0.661654587695551,
    "swfkCAh93xbCh119cCk6": -0.09729193782959554,
    "x0cEeGhpesxYJXfTZNXJ": 0.27651160275300923
  },
  "diagnostics": {
    "residual_normality": {
      "anderson_darling_stat": 0.4257007689702874,
      "pvalue": 0.3094732121085996
    },
    "durbin_watson": 2.7893010031899044,
    "groups": 19,
    "n_obs": 95
  },
  "cross_validation": {
    "mean_r2": -12.730920074381373,
    "std_r2": 19.22367932412743,
    "mean_mae": 1.4422261942298449,
    "std_mae": 1.2327869667849614,
    "mean_rmse": 1.5598993857687504,
    "std_rmse": 1.2109829823184235,
    "fold_metrics": {
      "r2": [
        -11.954320671537225,
        -0.6859977848545702,
        -0.5325245001943189,
        -50.143358399391225,
        -0.3383990159295258
      ],
      "mae": [
        2.6662510406821474,
        0.5097795785287229,
        0.3962473643548805,
        3.2073193511448377,
        0.43153363643863696
      ],
      "rmse": [
        2.8374573623445714,
        0.6474016895616759,
        0.5232468970904949,
        3.2312526880274555,
        0.5601382918195547
      ]
    },
    "n_splits": 5
  }
}