{
  "title": "weight_test_adg",
  "n": 3,
  "formula": "pred_adgLatest_average ~ weight",
  "independent_variables": [
    "weight"
  ],
  "dependent_variable": "pred_adgLatest_average",
  "summary": {
    "r_squared": 0.10238113034105856,
    "adj_r_squared": 0.08973861105008751,
    "f_statistic": 8.09815891791257,
    "f_pvalue": 0.005787311299683968,
    "aic": 120.03019254155289,
    "bic": 124.61111142384968,
    "n_observations": 73
  },
  "coefficients": {
    "Intercept": {
      "value": 2.098809999689761,
      "std_err": 0.38063251752411975,
      "t_stat": 5.514006037481452,
      "p_value": 5.346482326008299e-07,
      "conf_int_lower": 1.3398503157861588,
      "conf_int_upper": 2.857769683593363
    },
    "weight": {
      "value": -0.001944265084068754,
      "std_err": 0.0006832227663033496,
      "t_stat": -2.8457264306170735,
      "p_value": 0.0057873112996839095,
      "conf_int_lower": -0.0033065725877004593,
      "conf_int_upper": -0.0005819575804370488
    }
  },
  "diagnostics": {
    "normality": {
      "anderson_darling_stat": 0.1952198906573983,
      "pvalue": 0.8881031438350719
    },
    "breusch_pagan": {
      "lm_stat": 0.08655564446371744,
      "lm_pvalue": 0.7686024776810125,
      "f_stat": 0.08428419218488706,
      "f_pvalue": 0.7724196955141552
    },
    "white_test": {
      "stat": 0.08877093763101673,
      "pvalue": 0.9565851526505091,
      "f_stat": 0.042613227853118954,
      "f_pvalue": 0.9583067943596353
    },
    "durbin_watson": 1.9693021395816839,
    "vif": {
      "Intercept": 35.84702111699437,
      "weight": 0.9999999999999998
    },
    "reset": {
      "fvalue": NaN,
      "pvalue": 0.4183632516980911
    },
    "influence": {
      "cooks_distance_max": 0.1576141395400323,
      "cooks_distance_mean": 0.014345488366583217,
      "leverage_max": 0.10844330189851023,
      "leverage_mean": 0.0273972602739726,
      "cooks_distance_array": [
        0.011935059597317577,
        0.0008273132409751174,
        0.011625447890042946,
        0.003674445986059274,
        0.00832152993383012,
        0.0010989577359594531,
        0.0006734672410482321,
        0.00020942166730946634,
        0.004258602891103288,
        0.012301487332829089,
        0.0030335654991636954,
        0.041784822874365274,
        0.002208492226079146,
        0.0028848917482304573,
        0.008670203632040538,
        6.0945823401747617e-05,
        3.5561149927192766e-05,
        0.0033211028635541854,
        0.020199369552236168,
        0.0002850982588110482,
        0.0048980975119800995,
        0.0034364821499596725,
        0.005259214497534429,
        0.040145985626144506,
        0.07762297937006028,
        1.065675924869246e-05,
        0.03535597553986775,
        0.0028049405512943783,
        0.0015276987466216825,
        0.0016955103174968458,
        0.0018352592844790138,
        0.00021738909614322924,
        0.020262735264581007,
        0.06264092633231104,
        0.0017929158561553972,
        0.006039163048232102,
        0.007541173404083224,
        0.0020218180497448856,
        0.005012093161555602,
        6.953437999182349e-05,
        0.044095999992908835,
        0.019520222154344794,
        0.023648351697356896,
        0.021358468388664786,
        0.005857087232250872,
        0.02608602223549202,
        0.00011033159747982909,
        0.0007634832396340304,
        0.013793395306327907,
        0.004513308091463689,
        0.0034435208299439723,
        0.00022592167037684165,
        0.07172245263657848,
        0.03125100743619857,
        0.034763783771866154,
        0.1576141395400323,
        0.03123618959355227,
        0.03455396588080464,
        0.02331938738569136,
        0.007264426978521032,
        0.0007110264242346179,
        0.008366640866248228,
        0.007174730902415812,
        0.015018517567927481,
        0.0035524108247028943,
        0.01816572344793053,
        0.00380141444571577,
        0.0003299245633294385,
        4.4269544632922704e-05,
        0.002062687542660809,
        0.012103360089774265,
        0.00036721838838954627,
        0.0027809244013534485
      ],
      "leverage_array": [
        0.05185060733657772,
        0.03873199616187445,
        0.02493875680856475,
        0.02013612047152518,
        0.016078923618739582,
        0.013880186252210134,
        0.01577333347117399,
        0.02138749587101113,
        0.0362116739294175,
        0.02231274589847633,
        0.01853477933389628,
        0.015149989171055523,
        0.015668733864813125,
        0.013759689456257817,
        0.014913666123604799,
        0.016193763746002912,
        0.0513608178511287,
        0.03418351438249195,
        0.021294106654992706,
        0.01871130640850066,
        0.014287206321095362,
        0.013699432930884116,
        0.014344992117616404,
        0.020120922238122292,
        0.04755641557147822,
        0.023519718616059837,
        0.016595175910584417,
        0.01458822345297751,
        0.020020516368892897,
        0.02491867130010683,
        0.03580760681497236,
        0.04348580851274886,
        0.05930813935456895,
        0.035093539085229136,
        0.03225107390554678,
        0.020546131422705727,
        0.014257086185806057,
        0.013715731072087614,
        0.01613132907808805,
        0.018521607531613783,
        0.031572100278388304,
        0.016595175910584417,
        0.01406475945038073,
        0.02252999123476429,
        0.037717436871956694,
        0.04392156705934132,
        0.06536627439078052,
        0.07711840996201338,
        0.025342379625277578,
        0.014791950218021242,
        0.014252616117158147,
        0.01933982515172062,
        0.025052301970486447,
        0.04868807440517581,
        0.05108045514553229,
        0.07306734116697419,
        0.10844330189851023,
        0.03382504196825545,
        0.028827667767853213,
        0.024152869975878552,
        0.015451743186981452,
        0.01374286574334663,
        0.013805332920851654,
        0.014551102919272337,
        0.015095373059575708,
        0.03774682012320227,
        0.021404124526381338,
        0.014710351146703195,
        0.013720434126131706,
        0.015716436270117505,
        0.018968262209177057,
        0.020845913190161512,
        0.028650165405543798
      ],