{
  "title": "_book_wg_2",
  "n": 1,
  "formula": "pred_weight_gain ~ metabolic_weight_Limousin + metabolic_weight_Simental + tdn_slobber_over_mw + total_tdn_mw_2 + day_diff_2",
  "independent_variables": [
    "metabolic_weight_Limousin",
    "metabolic_weight_Simental",
    "tdn_slobber_over_mw",
    "total_tdn_mw_2",
    "day_diff_2"
  ],
  "dependent_variable": "pred_weight_gain",
  "summary": {
    "r_squared": 0.7318933146503712,
    "adj_r_squared": 0.7108653393288318,
    "f_statistic": 34.805695910279724,
    "f_pvalue": 5.1939870250226315e-14,
    "aic": 218.1668239634882,
    "bic": 228.29358241716398,
    "n_observations": 56
  },
  "coefficients": {
    "Intercept": {
      "value": 34.17429427454222,
      "std_err": 2.6681067220822063,
      "t_stat": 12.808443527278548,
      "p_value": 1.463040453192913e-17,
      "conf_int_lower": 28.817846521819398,
      "conf_int_upper": 39.53074202726504
    },
    "metabolic_weight_Limousin": {
      "value": 2.1432485365435443e-12,
      "std_err": 1.6420862704144336e-13,
      "t_stat": 13.051984997125798,
      "p_value": 6.978604885777663e-18,
      "conf_int_lower": 1.8135859619492965e-12,
      "conf_int_upper": 2.472911111137792e-12
    },
    "metabolic_weight_Simental": {
      "value": -0.1456672945546009,
      "std_err": 0.017543543631663928,
      "t_stat": -8.303185354849829,
      "p_value": 4.8931367915600514e-11,
      "conf_int_lower": -0.18088742802335714,
      "conf_int_upper": -0.11044716108584465
    },
    "tdn_slobber_over_mw": {
      "value": -32.93074548416976,
      "std_err": 5.973397929262342,
      "t_stat": -5.512900006686211,
      "p_value": 1.175705391869733e-06,
      "conf_int_lower": -44.92284222059506,
      "conf_int_upper": -20.938648747744462
    },
    "total_tdn_mw_2": {
      "value": 28.06138847295331,
      "std_err": 3.341270200654705,
      "t_stat": 8.3984193997405,
      "p_value": 3.481207399902714e-11,
      "conf_int_lower": 21.35350864587899,
      "conf_int_upper": 34.76926830002763
    },
    "day_diff_2": {
      "value": -0.08252515763147014,
      "std_err": 0.011538367769067403,
      "t_stat": -7.15223845201983,
      "p_value": 3.128631079743549e-09,
      "conf_int_lower": -0.1056893975005852,
      "conf_int_upper": -0.05936091776235508
    }
  },
  "diagnostics": {
    "normality": {
      "anderson_darling_stat": 0.39437137212349427,
      "pvalue": 0.36263591382490085
    },
    "breusch_pagan": {
      "lm_stat": 11.442247236976684,
      "lm_pvalue": 0.04328333981932869,
      "f_stat": 3.274147442923104,
      "f_pvalue": 0.018275200324081094
    },
    "white_test": {
      "stat": 32.77018263944651,
      "pvalue": 0.0031090497933825663,
      "f_stat": 4.131320496299582,
      "f_pvalue": 0.00018972878671577665
    },
    "durbin_watson": 0.5310375033116788,
    "vif": {
      "Intercept": 150.68269097953228,
      "metabolic_weight_Limousin": NaN,
      "metabolic_weight_Simental": 1.113003108120079,
      "tdn_slobber_over_mw": 5.274733152615988,
      "total_tdn_mw_2": 5.862243031476105,
      "day_diff_2": 2.394520089521106
    },
    "reset": {
      "fvalue": NaN,
      "pvalue": 0.009854210622784342
    },
    "influence": {
      "cooks_distance_max": 0.1999775787960354,
      "cooks_distance_mean": 0.017492460463277716,
      "leverage_max": 0.750555196862756,
      "leverage_mean": 0.08928571428571427,
      "cooks_distance_array": [
        0.07641639038243815,
        0.0006241360329711548,
        0.06545100285337346,
        0.048159650438204506,
        0.05381692199441862,
        0.11986406605458987,
        0.0002760870316042731,
        0.008035957542944921,
        0.01737561977256378,
        0.03171411785656917,
        0.005117642006695565,
        0.006185906083545721,
        0.0008270777597853844,
        0.00040735228079216294,
        0.001446453172931023,
        0.003957465152712391,
        0.009537469241670768,
        0.0003771042658480379,
        0.005546986781158267,
        0.0024577349688554495,
        0.03850782714901816,
        0.06890224496860783,
        0.012725143768888666,
        0.008788034944440503,
        0.007450693022119941,
        0.0072073646075992105,
        0.0055400578981076795,
        7.573379440419936e-06,
        0.02640970952264746,
        0.004329204383460402,
        0.00030015037296487427,
        0.004666112781796002,
        0.00914781452925295,
        0.004204949562110546,
        0.0033594757611093247,
        0.000490293581584515,
        4.6412690019065324e-07,
        0.00029841915342262206,
        0.004114543067928506,
        6.296776506218663e-05,
        0.0001146805175054653,
        0.0003599853243292613,
        0.00010345218453615935,
        0.0014287476022560406,
        0.0026082881999177064,
        0.008252454663269938,
        0.01632709986668026,
        0.005218200606601723,
        0.012428778986183388,
        0.01458290062083609,
        0.012551724972152813,
        0.010563101738945972,
        0.01726256858045823,
        0.1999775787960354,
        0.010571701663218946,
        0.003118335600489985
      ],
      "leverage_array": [
        0.17418486243435763,
        0.17657500606514107,
        0.12170713718091392,
        0.11236974299932301,
        0.10630339008829592,
        0.1019429780805316,
        0.750555196862756,
        0.10769617488431038,
        0.12490928036555043,
        0.09968613321101821,
        0.05135389179417825,
        0.05186151142006644,
        0.06210604001261896,
        0.051364731724914466,
        0.05351939541009176,
        0.04834974711803682,
        0.05426460533245676,
        0.0507638816510947,
        0.07790950211787542,
        0.07924326385408051,
        0.06371564456054077,
        0.0686670995257257,
        0.04052501930576771,
        0.04037151495591179,
        0.045702023267379197,
        0.05040759209712997,
        0.05267601538904236,
        0.05409677293737061,
        0.18238820223656688,
        0.05680889543356527,
        0.11013050054951853,
        0.06901666490913294,
        0.09947663334848389,
        0.10710727798077108,
        0.08368586731781738,
        0.04645932924510548,
        0.05014960642746222,
        0.05537774634454304,
        0.04697892328458965,
        0.05729537321434706,
        0.05589499326894777,
        0.05712395339905517,
        0.05051153950424242,
        0.07732532184923537,
        0.08620117358993107,
        0.07750555672265791,
        0.08134194334861583,
        0.042269145998119484,
        0.04550886399101139,
        0.0473447570937041,
        0.05040590591988506,
        0.0517581097452029,
        0.05663752878767403,
        0.22014562460720985,
        0.0535704765098369,
        0.10875193072628614
      ],