{
  "title": "_simental_book_adg_1",
  "n": 1,
  "group_col": "cow_id",
  "time_col": "pred_date",
  "entity_effects": true,
  "time_effects": false,
  "independent_variables": [
    "metabolic_weight",
    "total_tdn_greens_over_mw_dt",
    "tdn_slobber_over_mw_dt",
    "day_diff"
  ],
  "dependent_variable": "pred_adgLatest_average",
  "summary": {
    "r2": 0.9162835249857278,
    "r2_within": 0.9162835249857278,
    "r2_between": -22.791002127389913,
    "r2_overall": -19.447302057792747,
    "f_statistic": 134.07723126375774,
    "f_pvalue": 1.1102230246251565e-16,
    "n_entities": 3,
    "n_obs": 56,
    "mean_fixed_effect": 0.7465644797789418
  },
  "coefficients": {
    "metabolic_weight": -0.026814744558778057,
    "total_tdn_greens_over_mw_dt": 15.869026081024323,
    "tdn_slobber_over_mw_dt": -1.3928846864259794,
    "day_diff": -0.04827992662339629
  },
  "std_errors": {
    "metabolic_weight": 0.0015765997109711994,
    "total_tdn_greens_over_mw_dt": 9.070494942449798,
    "tdn_slobber_over_mw_dt": 1.2013683653336755,
    "day_diff": 0.0048413524636523805
  },
  "pvalues": {
    "metabolic_weight": 0.0,
    "total_tdn_greens_over_mw_dt": 0.08646192844408951,
    "tdn_slobber_over_mw_dt": 0.2519057533079341,
    "day_diff": 2.2071233729548112e-13
  },
  "diagnostics": {
    "residual_normality": {
      "anderson_darling_stat": 0.5394126255715719,
      "pvalue": 0.15946036748993225
    },
    "durbin_watson": 0.4742715830186617,
    "n_entities": 3,
    "n_obs": 56,
    "mean_fixed_effect": 0.7465644797789418
  },
  "cross_validation": null
}