{
  "title": "book_wg",
  "n": 2,
  "formula": "pred_weight_gain ~ metabolic_weight_Limousin + metabolic_weight_Simental + tdn_slobber_over_mw + total_tdn_mw_2 + total_tdn_mw_3 + day_diff_2",
  "independent_variables": [
    "metabolic_weight_Limousin",
    "metabolic_weight_Simental",
    "tdn_slobber_over_mw",
    "total_tdn_mw_2",
    "total_tdn_mw_3",
    "day_diff_2"
  ],
  "dependent_variable": "pred_weight_gain",
  "summary": {
    "r_squared": 0.4353285259088868,
    "adj_r_squared": 0.4127416669452423,
    "f_statistic": 19.273530976997964,
    "f_pvalue": 1.391283792952574e-16,
    "aic": 1083.0686744548266,
    "bic": 1104.4623950922646,
    "n_observations": 157
  },
  "coefficients": {
    "Intercept": {
      "value": 45.00180030665965,
      "std_err": 13.20365915827958,
      "t_stat": 3.4082824895128034,
      "p_value": 0.000839619835150001,
      "conf_int_lower": 18.912619788601212,
      "conf_int_upper": 71.09098082471809
    },
    "metabolic_weight_Limousin": {
      "value": -0.08700271025506207,
      "std_err": 0.036898132725835475,
      "t_stat": -2.3579163450226353,
      "p_value": 0.019668298795753113,
      "conf_int_lower": -0.15990992740781326,
      "conf_int_upper": -0.014095493102310869
    },
    "metabolic_weight_Simental": {
      "value": -0.12752961334409726,
      "std_err": 0.04001070851135416,
      "t_stat": -3.187387029347585,
      "p_value": 0.001747358265246167,
      "conf_int_lower": -0.20658698558424438,
      "conf_int_upper": -0.04847224110395017
    },
    "tdn_slobber_over_mw": {
      "value": -37.70301990327451,
      "std_err": 7.077993676533923,
      "t_stat": -5.326794798965911,
      "p_value": 3.591092704649316e-07,
      "conf_int_lower": -51.688465340721756,
      "conf_int_upper": -23.717574465827262
    },
    "total_tdn_mw_2": {
      "value": 25.658007839950127,
      "std_err": 13.528332880768598,
      "t_stat": 1.8966126917548465,
      "p_value": 0.059801542443992925,
      "conf_int_lower": -1.072697217173264,
      "conf_int_upper": 52.38871289707352
    },
    "total_tdn_mw_3": {
      "value": -3.3478878139921475,
      "std_err": 5.34566207339562,
      "t_stat": -0.626281229158493,
      "p_value": 0.5320823875839715,
      "conf_int_lower": -13.910410001934544,
      "conf_int_upper": 7.21463437395025
    },
    "day_diff_2": {
      "value": -0.05122431566802127,
      "std_err": 0.00907860818641226,
      "t_stat": -5.642309329384596,
      "p_value": 8.126569442753579e-08,
      "conf_int_lower": -0.06916278598058684,
      "conf_int_upper": -0.03328584535545571
    }
  },
  "diagnostics": {
    "normality": {
      "anderson_darling_stat": 2.242023562214939,
      "pvalue": 1.039778865780592e-05
    },
    "breusch_pagan": {
      "lm_stat": 10.699206831939195,
      "lm_pvalue": 0.09812968685138884,
      "f_stat": 1.828289273122506,
      "f_pvalue": 0.09719349150573031
    },
    "white_test": {
      "stat": 32.42397236997548,
      "pvalue": 0.17947282017222582,
      "f_stat": 1.3013728638976472,
      "f_pvalue": 0.16948659282125686
    },
    "durbin_watson": 1.5188864329636742,
    "vif": {
      "Intercept": 492.8208627351334,
      "metabolic_weight_Limousin": 7.83238493725583,
      "metabolic_weight_Simental": 7.443366618887819,
      "tdn_slobber_over_mw": 3.209207945141211,
      "total_tdn_mw_2": 182.32227389179795,
      "total_tdn_mw_3": 180.72997915811087,
      "day_diff_2": 1.965748844981775
    },
    "reset": {
      "fvalue": NaN,
      "pvalue": 0.9071794141629144
    },
    "influence": {
      "cooks_distance_max": 0.27528958464178466,
      "cooks_distance_mean": 0.008685884906218567,
      "leverage_max": 0.5124027374087003,
      "leverage_mean": 0.04458598726114653,
      "cooks_distance_array": [
        0.08242592721232317,
        0.005332501634091959,
        0.009546449747644993,
        0.0023994551909971534,
        0.0015188295374151351,
        0.0008158064953825404,
        3.62663879880875e-05,
        0.0014267761098020473,
        0.005661419273591221,
        0.00027213159891357417,
        1.181379405631706e-05,
        1.6809764932105922e-05,
        1.7306742174359282e-06,
        0.010141650989945553,
        0.0017183577750411049,
        0.014319744077579766,
        0.007742816633226459,
        0.008227410729746868,
        0.008293170923530496,
        0.0051619117853867885,
        0.002248129015811991,
        0.00015970750333856447,
        0.0005861983375577322,
        0.0005636675347663665,
        0.0006830269994434418,
        0.00201387699254936,
        0.04884278389608358,
        0.000430522390253082,
        0.0009726113951664986,
        0.016021949126229073,
        0.06514029938317199,
        0.009478000231196436,
        0.0001833467771683985,
        0.002511763391480037,
        2.8381323104530237e-05,
        0.0001326722483008028,
        0.0152662048539071,
        0.00026024971996008005,
        0.0009393056735132622,
        0.00247052310497836,
        6.1420260696981655e-06,
        0.0007734441743008034,
        1.2332655708691159e-05,
        0.0009806553332723147,
        0.0046477728259846605,
        0.00015605885591499474,
        3.2197438555927378e-06,
        0.0008038293826532533,
        0.0012217282091368763,
        0.0342915302938214,
        0.002635210747883419,
        0.0001369726289496095,
        0.0019093212871205008,
        0.13042986524797423,
        0.15229704303088315,
        0.00991147690804299,
        0.004083125956410345,
        0.0005958696084200972,
        0.0033574683106171936,
        0.0010054617179783584,
        1.2117949697513833e-05,
        0.0007805923303184686,
        0.0011835701397148438,
        0.00045586566146590404,
        0.006686938086921098,
        0.0007786638832495234,
        8.76769211260434e-05,
        0.00020078885711148864,
        0.004674887181571714,
        0.006479081713501267,
        0.020071884815186597,
        0.004171072088680457,
        0.004754694469466764,
        0.0021457413692010344,
        0.00033152623077136286,
        0.0005131283982300242,
        0.0013214558086930993,
        0.00016748778977232644,
        0.001828640036804828,
        0.0009491834116163674,
        0.0007556336615478407,
        0.000267742053428144,
        0.0050179699032025715,
        0.0021294934446152054,
        0.0006302286826753707,
        0.0010128215099066455,
        0.0006865950677661633,
        0.00014778386211954176,
        0.00021510189941931855,
        0.0017953896133870708,
        0.0008273206463657872,
        6.488725550658026e-06,
        2.008464623436696e-05,
        1.3907555757224218e-05,
        0.0010653860208452855,
        0.002579878470485788,
        0.04286528741708614,
        0.014373410847260785,
        0.002622859208390074,
        0.003322363894875854,
        0.0016091309042537373,
        0.00023742106243727917,
        0.0006728954423022977,
        2.7731581162358464e-05,
        0.0018441559050304532,
        0.0011113080134052106,
        0.0016707180359469074,
        1.7918488669093898e-06,
        0.27528958464178466,
        0.0009853753485886848,
        0.0027943273673810003,
        0.00017026091292776467,
        1.182493297048183e-06,
        0.00036665964245287207,
        0.0006830669526166639,
        7.50366647882726e-05,
        0.0022532073763020383,
        0.00021978966953606412,
        0.00032548381950381605,
        0.0004273552227794303,
        1.0995037691723112e-05,
        0.0065159387205440174,
        0.0020657260260595446,
        0.0010218392309195858,
        4.884426858087236e-05,
        6.536210995911779e-06,
        1.5624034747642977e-06,
        0.0007080299951888122,
        1.1186836777115188e-05,
        2.144762747156189e-05,
        0.00018597148983259012,
        0.0052353626551530155,
        0.004946070914588409,
        0.014262385878155323,
        0.002347226243540723,
        0.0022472917470862815,
        0.001953952163439292,
