{
  "title": "book_wg",
  "n": 3,
  "formula": "pred_weight_gain ~ metabolic_weight_Limousin + metabolic_weight_Simental + tdn_slobber_over_mw + total_tdn_mw_2 + total_tdn_mw_3 + day_diff_2",
  "independent_variables": [
    "metabolic_weight_Limousin",
    "metabolic_weight_Simental",
    "tdn_slobber_over_mw",
    "total_tdn_mw_2",
    "total_tdn_mw_3",
    "day_diff_2"
  ],
  "dependent_variable": "pred_weight_gain",
  "summary": {
    "r_squared": 0.5641422449014072,
    "adj_r_squared": 0.5350850612281677,
    "f_statistic": 19.414897577322996,
    "f_pvalue": 2.0974846171702275e-14,
    "aic": 703.1751036476603,
    "bic": 721.198080497184,
    "n_observations": 97
  },
  "coefficients": {
    "Intercept": {
      "value": 119.99312734064559,
      "std_err": 29.618446801342497,
      "t_stat": 4.051297090136635,
      "p_value": 0.00010783768186483733,
      "conf_int_lower": 61.15091314522951,
      "conf_int_upper": 178.83534153606166
    },
    "metabolic_weight_Limousin": {
      "value": -0.09872733911577705,
      "std_err": 0.05938834124678063,
      "t_stat": -1.662402704691284,
      "p_value": 0.09991122375266419,
      "conf_int_lower": -0.21671264468538357,
      "conf_int_upper": 0.01925796645382946
    },
    "metabolic_weight_Simental": {
      "value": -0.14930021276507993,
      "std_err": 0.06439521962484827,
      "t_stat": -2.3184983859806456,
      "p_value": 0.02268796133403501,
      "conf_int_lower": -0.27723255613679365,
      "conf_int_upper": -0.02136786939336624
    },
    "tdn_slobber_over_mw": {
      "value": -36.88766773792742,
      "std_err": 7.4445899595634755,
      "t_stat": -4.954962991687776,
      "p_value": 3.373240695936597e-06,
      "conf_int_lower": -51.67764507657107,
      "conf_int_upper": -22.097690399283778
    },
    "total_tdn_mw_2": {
      "value": -3.5143878490287435,
      "std_err": 13.569289602583366,
      "t_stat": -0.25899571399520155,
      "p_value": 0.7962299974263787,
      "conf_int_lower": -30.472150037917462,
      "conf_int_upper": 23.443374339859975
    },
    "total_tdn_mw_3": {
      "value": 4.258195105943384,
      "std_err": 3.702077144877889,
      "t_stat": 1.1502178207806737,
      "p_value": 0.2531012655881363,
      "conf_int_lower": -3.0966273055068116,
      "conf_int_upper": 11.61301751739358
    },
    "day_diff_2": {
      "value": -0.05524620537818389,
      "std_err": 0.009523269449230395,
      "t_stat": -5.801180537073694,
      "p_value": 9.681879441274148e-08,
      "conf_int_lower": -0.0741658423372319,
      "conf_int_upper": -0.03632656841913587
    }
  },
  "diagnostics": {
    "normality": {
      "anderson_darling_stat": 0.49377636389259294,
      "pvalue": 0.21143003675480765
    },
    "breusch_pagan": {
      "lm_stat": 20.226671140941583,
      "lm_pvalue": 0.002523453153934869,
      "f_stat": 3.951894122907057,
      "f_pvalue": 0.0014898622512529492
    },
    "white_test": {
      "stat": 40.504502251344775,
      "pvalue": 0.034784269363386564,
      "f_stat": 1.930252627732367,
      "f_pvalue": 0.0156941401729622
    },
    "durbin_watson": 1.1164406195675265,
    "vif": {
      "Intercept": 1107.1932638853482,
      "metabolic_weight_Limousin": 8.910678924357583,
      "metabolic_weight_Simental": 8.532971660866458,
      "tdn_slobber_over_mw": 2.6898152794022807,
      "total_tdn_mw_2": 320.3923422017892,
      "total_tdn_mw_3": 319.92382017037096,
      "day_diff_2": 1.4852749919370698
    },
    "reset": {
      "fvalue": NaN,
      "pvalue": 0.8911935272622707
    },
    "influence": {
      "cooks_distance_max": 0.19596891079453765,
      "cooks_distance_mean": 0.011928502262042584,
      "leverage_max": 0.6249275958932272,
      "leverage_mean": 0.07216494845360824,
      "cooks_distance_array": [
        0.0899093940326876,
        0.036267131959102396,
        0.004893250491503573,
        0.002181180147713942,
        0.0004066977109956828,
        0.019210249484263642,
        0.000637650898673435,
        5.25090524040462e-05,
        0.001659775891508541,
        0.009019547675147838,
        0.04605901028932972,
        0.019101468292152594,
        0.022498600558561444,
        0.010248513822900233,
        0.00041030859606044586,
        0.001572979452588127,
        0.001740573084840019,
        0.0006126943885447594,
        0.04119561415916399,
        0.001170380245250171,
        0.03789749883042687,
        0.00041668812305566583,
        0.0021459256924241457,
        3.8462481140239545e-06,
        0.0001828252932947023,
        0.007672464690184862,
        0.0014716681554646038,
        0.0026334469069565127,
        0.0008224280551410703,
        0.0024911837583563834,
        0.05638582102947496,
        7.654271247519935e-05,
        0.0034163949690763987,
        0.002042943510168722,
        0.0025769389057529427,
        0.003814086865532931,
        0.0001440023676707449,
        0.003514676078073717,
        0.002988643245525486,
        0.01022321160116801,
        7.527680647366219e-07,
        0.007125238557509802,
        0.02620145001476662,
        0.0169370412131867,
        0.012099418996382002,
        0.0018000103582232617,
        0.0019127740628896274,
        0.005304134935021771,
        0.0062713875165496475,
        0.0010122180491936564,
        0.006508236608088372,
        0.0023767279198659797,
        0.002126182890321472,
        0.0003365907502557237,
        0.0012937139943859398,
        0.01016103533275165,
        1.978749367518455e-06,
        4.618649915368095e-05,
        0.021504253010674497,
        0.05402181185081658,
        0.007889034798756843,
        0.004273959290320517,
        4.1736746981809064e-05,
        0.00012694723035425916,
        0.004018946686396939,
        0.003936485261407166,
        0.19596891079453765,
        0.002507093674201039,
        1.7317320487230842e-06,
        0.0014865619790022685,
        0.0015853461438344926,
        0.004929387546090232,
        0.0010221403380474287,
        0.0003663560949161987,
        0.0016450175703455615,
        0.0046775977479434116,
        0.00013351808290807844,
        1.7524412420522477e-05,
        0.0020768780516505253,
        0.0008327379075521362,
        0.001199191016133398,
        0.018270980827617328,
        0.027832581631221504,
        0.006529807935439506,
        0.0002243908405373786,
        0.00031910931215713866,
        0.0018631477735435475,
        0.00216341073504952,
        0.0002907450798492804,
        0.007843843097577005,
        0.007305766954740605,
        0.0933242230449121,
        0.011271455261363986,
        0.01633725149231288,
        0.06987481788445718,
        0.017793136658872763,
        0.010273036433430232
      ],