{
  "title": "_book_adg",
  "n": 1,
  "formula": "pred_adgLatest_average ~ metabolic_weight + tdn_silage_over_mw_dt + tdn_rumput_over_mw_dt + tdn_slobber_over_mw_dt + day_diff_2",
  "independent_variables": [
    "metabolic_weight",
    "tdn_silage_over_mw_dt",
    "tdn_rumput_over_mw_dt",
    "tdn_slobber_over_mw_dt",
    "day_diff_2"
  ],
  "dependent_variable": "pred_adgLatest_average",
  "summary": {
    "r_squared": 0.8237718315935583,
    "adj_r_squared": 0.8061490147529141,
    "f_statistic": 46.744617449218545,
    "f_pvalue": 1.0863012429830641e-17,
    "aic": -57.842763439024935,
    "bic": -45.69065329461404,
    "n_observations": 56
  },
  "coefficients": {
    "Intercept": {
      "value": 1.8560164261126888,
      "std_err": 0.42831366952470423,
      "t_stat": 4.333311211319249,
      "p_value": 7.083723563162828e-05,
      "conf_int_lower": 0.99572310235153,
      "conf_int_upper": 2.7163097498738473
    },
    "metabolic_weight": {
      "value": -0.0165251587316671,
      "std_err": 0.0016812536258657225,
      "t_stat": -9.829069497564863,
      "p_value": 2.8624987334098704e-13,
      "conf_int_lower": -0.01990205602165214,
      "conf_int_upper": -0.01314826144168206
    },
    "tdn_silage_over_mw_dt": {
      "value": 34.104433063682706,
      "std_err": 6.224596736537405,
      "t_stat": 5.478978720580409,
      "p_value": 1.395080375322219e-06,
      "conf_int_lower": 21.601962569357838,
      "conf_int_upper": 46.60690355800757
    },
    "tdn_rumput_over_mw_dt": {
      "value": 13.343741385448094,
      "std_err": 11.897085966091188,
      "t_stat": 1.1215974586953588,
      "p_value": 0.26739137935012636,
      "conf_int_lower": -10.55225903919045,
      "conf_int_upper": 37.23974181008664
    },
    "tdn_slobber_over_mw_dt": {
      "value": 6.720010577606579,
      "std_err": 4.113802302622863,
      "t_stat": 1.6335278370868864,
      "p_value": 0.10864011728878162,
      "conf_int_lower": -1.5428045227076668,
      "conf_int_upper": 14.982825677920825
    },
    "day_diff_2": {
      "value": -0.002842503845331151,
      "std_err": 0.0006682353338350466,
      "t_stat": -4.253746698813178,
      "p_value": 9.201395114832095e-05,
      "conf_int_lower": -0.0041846940141332285,
      "conf_int_upper": -0.0015003136765290742
    }
  },
  "diagnostics": {
    "normality": {
      "anderson_darling_stat": 0.4032407383032677,
      "pvalue": 0.3454582521126589
    },
    "breusch_pagan": {
      "lm_stat": 28.71326380453239,
      "lm_pvalue": 2.6392361905936067e-05,
      "f_stat": 10.522791585936073,
      "f_pvalue": 6.13071237741857e-07
    },
    "white_test": {
      "stat": 38.41480932676158,
      "pvalue": 0.0052534789907451515,
      "f_stat": 4.139048354171759,
      "f_pvalue": 0.00012178741421906692
    },
    "durbin_watson": 0.8652171435667803,
    "vif": {
      "Intercept": 545.2766703709482,
      "metabolic_weight": 1.435371357583265,
      "tdn_silage_over_mw_dt": 7.115755317423202,
      "tdn_rumput_over_mw_dt": 8.949656045709771,
      "tdn_slobber_over_mw_dt": 1.6228401495162539,
      "day_diff_2": 1.1277807444977306
    },
    "reset": {
      "fvalue": NaN,
      "pvalue": 6.730029750260969e-10
    },
    "influence": {
      "cooks_distance_max": 0.7343379565090496,
      "cooks_distance_mean": 0.03293531894507511,
      "leverage_max": 0.7602128916094153,
      "leverage_mean": 0.10714285714285632,
      "cooks_distance_array": [
        0.03832563006669562,
        0.012648297985630214,
        0.03503030022207131,
        0.020590270367303022,
        0.027734805025757377,
        0.11203739640851251,
        0.061959994169172854,
        0.00589713930143932,
        0.02207138346221809,
        0.03836581766460653,
        0.004021931764436159,
        0.00597353077111354,
        0.0015914886505314124,
        0.0003554228937990645,
        0.0020866154500615883,
        0.006978489921429552,
        0.013184053286540019,
        0.001457728151048505,
        0.002534666594942551,
        0.0004106175891338297,
        0.06896443209437014,
        0.04389956249525291,
        0.01178311791193407,
        0.0076625711089918355,
        0.006871354374375431,
        0.007224405527493651,
        0.0038894893754723874,
        7.29195629821976e-05,
        3.310215117008305e-05,
        0.008374288958908235,
        0.7343379565090496,
        0.002025308144315689,
        0.011103596860901215,
        0.005678705000816451,
        0.002807453413068348,
        0.0020026503180907936,
        0.00014993043532301583,
        0.000688562787566332,
        0.005057731827646399,
        0.0006350284988349874,
        1.3948743435601717e-06,
        2.9979881146919744e-05,
        3.573342986202114e-08,
        6.317467942754641e-05,
        0.011416111512003559,
        0.0033750208539088497,
        0.0009217775009260616,
        0.012609283635950777,
        0.02365710949866527,
        0.026074812608628893,
        0.022041392378006116,
        0.020343093521519848,
        0.02683156760556616,
        0.014490058679602156,
        0.018069112983502316,
        0.32793618787457146
      ],
      "leverage_array": [
        0.19197963042583938,
        0.21562717110388477,
        0.14854879724906145,
        0.14566911466493798,
        0.14278318089923284,
        0.14116812648091334,
        0.7602128916094153,
        0.11766857208244827,
        0.1339770355347363,
        0.10886745454001252,
        0.05495347753573864,
        0.05370654973451944,
        0.06544676915386434,
        0.05333116243551597,
        0.05724599277968169,
        0.050526363195931345,
        0.06182267415731238,
        0.05277369790156005,
        0.10805699529466586,
        0.09931039687337884,
        0.13469117039671008,
        0.09755477532375202,
        0.04465264653100448,
        0.04124544757098206,
        0.04536046610960337,
        0.05022356584571825,
        0.05152314601623294,
        0.05403134533559854,
        0.1480966357790479,
        0.0552945039022305,
        0.3558318316764719,
        0.0779880823558436,
        0.10645963344157293,
        0.1154306139888604,
        0.09126230423315633,
        0.04858891236610506,
        0.05163793643089563,
        0.05980913322445226,
        0.04909660782027437,
        0.06671860589222536,
        0.0662070651179047,
        0.07022009943618912,
        0.05227036790784886,
        0.093338731362399,
        0.10065878380724122,
        0.15068203507606387,
        0.11411084929481231,
        0.043025083779908865,
        0.04515650462183965,
        0.04668815064213856,
        0.049977534746658066,
        0.050619133618073846,
        0.06136671804875707,
        0.16053680772825174,
        0.052665134030473654,
        0.33330358288800427
      ],