{
  "title": "naive_wg",
  "n": 2,
  "formula": "pred_weight_gain ~ originWeight + per_slobber_dm_log + avg_real_dm_inake_per_weight_per_day_log",
  "independent_variables": [
    "originWeight",
    "per_slobber_dm_log",
    "avg_real_dm_inake_per_weight_per_day_log"
  ],
  "dependent_variable": "pred_weight_gain",
  "summary": {
    "r_squared": 0.20864728027653245,
    "adj_r_squared": 0.19313056028195474,
    "f_statistic": 13.446609873055818,
    "f_pvalue": 7.792716878235564e-08,
    "aic": 1282.1490012968038,
    "bic": 1294.373984518197,
    "n_observations": 157
  },
  "coefficients": {
    "Intercept": {
      "value": -74.10558227071982,
      "std_err": 15.576299359730866,
      "t_stat": -4.757585904024398,
      "p_value": 4.49556524585627e-06,
      "conf_int_lower": -104.87796842928967,
      "conf_int_upper": -43.333196112149984
    },
    "originWeight": {
      "value": 0.06558739868449256,
      "std_err": 0.025211155667392703,
      "t_stat": 2.6015228952523266,
      "p_value": 0.010192283543318475,
      "conf_int_lower": 0.01578048371812347,
      "conf_int_upper": 0.11539431365086167
    },
    "per_slobber_dm_log": {
      "value": -36.449910253230485,
      "std_err": 16.928796106269196,
      "t_stat": -2.153130678898784,
      "p_value": 0.03287533895857235,
      "conf_int_lower": -69.89427588532567,
      "conf_int_upper": -3.005544621135307
    },
    "avg_real_dm_inake_per_weight_per_day_log": {
      "value": 64.77877696308057,
      "std_err": 15.820209420286615,
      "t_stat": 4.094685174016298,
      "p_value": 6.826432348534642e-05,
      "conf_int_lower": 33.524524451146604,
      "conf_int_upper": 96.03302947501454
    }
  },
  "diagnostics": {
    "normality": {
      "anderson_darling_stat": 0.4764851991801038,
      "pvalue": 0.2351628911608603
    },
    "breusch_pagan": {
      "lm_stat": 3.4385256502615045,
      "lm_pvalue": 0.3288230959070768,
      "f_stat": 1.1419844000972594,
      "f_pvalue": 0.3340752517282799
    },
    "white_test": {
      "stat": 18.998771303701556,
      "pvalue": 0.02520334443943279,
      "f_stat": 2.248626824258478,
      "f_pvalue": 0.021965896599436603
    },
    "durbin_watson": 2.6638573848274,
    "vif": {
      "Intercept": 189.4674473148585,
      "originWeight": 1.0581231810675296,
      "per_slobber_dm_log": 1.0672811942133045,
      "avg_real_dm_inake_per_weight_per_day_log": 1.0712422905357435
    },
    "reset": {
      "fvalue": NaN,
      "pvalue": 0.08303504711508505
    },
    "influence": {
      "cooks_distance_max": 0.17490776131399702,
      "cooks_distance_mean": 0.007621952305069225,
      "leverage_max": 0.26899175945488585,
      "leverage_mean": 0.025477707006369428,
      "cooks_distance_array": [
        0.005075655462036417,
        0.005288213417454973,
        0.011347741365870476,
        0.00887880706527657,
        0.00146099397917652,
        0.0007737392187899201,
        0.00031050670256717886,
        0.013942759332971934,
        0.0038213806921366137,
        7.912953779353989e-05,
        0.00038842853275878675,
        0.0008988669138058516,
        0.0010684187018469027,
        0.0005058254459317276,
        0.0004034291276437892,
        0.02880393482559405,
        0.026636983552405426,
        0.002188289432719262,
        0.02224340123030652,
        0.0001812723076166003,
        0.001618440179940889,
        0.001195869265200304,
        0.0017367303620709543,
        0.0028422245853155555,
        0.002963868058136795,
        0.008234692634862149,
        0.17490776131399702,
        0.0025550200511217595,
        0.0011906899345202413,
        7.734483771691561e-07,
        0.03154002718884706,
        0.001406882507166551,
        0.0009042031272099498,
        0.005946377309633408,
        0.00010476220218210072,
        0.0072294784281430125,
        1.674252553982377e-05,
        0.008342005689095097,
        0.0067023637885903166,
        9.223774813822741e-05,
        0.0030386032642779138,
        0.03804397083960772,
        0.024664612205843085,
        0.0056503769929994565,
        0.005740249851882976,
        0.013010428128757984,
        0.02453130119485119,
        0.0012300877185870826,
        0.0003762816114807101,
        0.046477520771449295,
        0.01578274144941192,
        0.006788615803856644,
        0.02110001468903663,
        0.04780212038950157,
        0.07037297587107381,
        0.006040529844169782,
        4.0669918557738024e-05,
        6.061253543594832e-05,
        0.0008215825663031147,
        2.1475946961713246e-07,
        0.000663896456257656,
        0.012887132926075807,
        0.002520373522303284,
        4.1470255451521834e-05,
        0.0008955828458377468,
        0.00012276822468804092,
        0.0007553926796880811,
        8.719546324190867e-05,
        0.021623139186613023,
        4.980618161387483e-07,
        0.055918267300678115,
        0.0028512127633715475,
        0.0098575469460204,
        0.0012133832178678845,
        0.0003122866202626887,
        0.000817231383451597,
        0.000614998819918306,
        0.006506863619501583,
        0.0012304259409900663,
        0.00010940214636959289,
        0.00041285328177305956,
        0.00038375166172707775,
        4.5300422282249644e-06,
        0.010867611561529777,
        0.01682433208644875,
        2.2617542668482617e-05,
        0.000844971132492948,
        0.00021994320468435215,
        0.009550212195799955,
        0.005050986595318443,
        0.017249880979180673,
        0.004659900569747417,
        0.00022544815535881677,
        0.0010259944748405884,
        0.00197078966092821,
        0.0003107417848353799,
        0.023234048064607656,
        0.013475286536662247,
        3.6811773968997694e-05,
        0.0021771561339179644,
        0.0006833281984682864,
        0.0014598653929562434,
        0.004913739940851194,
        0.001068680166035786,
        0.003109227500855513,
        0.002978649102514799,
        0.0029166178024570963,
        0.0027772907594915933,
        0.0069870364875052,
        0.005774473074694883,
        0.0018460084958623424,
        0.003973854090279011,
        0.0003868862576628599,
        2.3088563541731532e-05,
        9.590552702359233e-06,
        0.009548680375662926,
        0.04154784491263749,
        0.01723524351333238,
        0.0004579996169319334,
        0.0012872015175775645,
        0.0007944005989525878,
        0.0012898208768665899,
        0.008707244377170563,
        0.00029354077666000455,
        0.005586431998034428,
        4.444124994915862e-06,
        0.00011259922606587253,
        0.00027376131568665533,
        4.6907648533517575e-05,
        0.006620477218875639,
        0.0008510377573097372,
        0.00842371950960501,
        0.0017542871430749315,
        8.515949073320527e-05,
        0.004045923112981685,
        0.007026595259151102,
        0.006642383408423527,
        0.0012756489083241293,
        0.0029380452751807517,
        0.002274754008300399,
        0.005032538366886802,
        0.0033128036237249116,
        2.7247697800665746e-05,
        0.0038648856478726277,
        0.005148882301370155,
        5.6542268444858585e-06,
        0.0018772376024390424,
        0.030752866886837992,
        1.4786363874026012e-05,
        0.0003534657670601147,
        0.009555676928866875,
        0.0033935440508242706,
        0.0013624165791386556,
        0.008296612324882255,
        0.00045042285625047245,
        0.0005141655397336074,
        0.0016714433560450442
      ],