{
  "title": "naive_wg",
  "n": 3,
  "formula": "pred_weight_gain ~ originWeight + per_slobber_dm_log + avg_real_dm_inake_per_weight_per_day_log",
  "independent_variables": [
    "originWeight",
    "per_slobber_dm_log",
    "avg_real_dm_inake_per_weight_per_day_log"
  ],
  "dependent_variable": "pred_weight_gain",
  "summary": {
    "r_squared": 0.3399697230260028,
    "adj_r_squared": 0.31821048312576106,
    "f_statistic": 15.624154363141473,
    "f_pvalue": 2.816378672839216e-08,
    "aic": 790.1137891292699,
    "bic": 800.329296695672,
    "n_observations": 95
  },
  "coefficients": {
    "Intercept": {
      "value": -123.92938100514485,
      "std_err": 23.444322895892242,
      "t_stat": -5.286114747500723,
      "p_value": 8.514055181853593e-07,
      "conf_int_lower": -170.4986484063585,
      "conf_int_upper": -77.36011360393118
    },
    "originWeight": {
      "value": 0.13406666788004978,
      "std_err": 0.03641425710207089,
      "t_stat": 3.6817081700789487,
      "p_value": 0.0003925685607498617,
      "conf_int_lower": 0.061734219477370275,
      "conf_int_upper": 0.20639911628272928
    },
    "per_slobber_dm_log": {
      "value": -63.33331505971309,
      "std_err": 26.52173227679644,
      "t_stat": -2.3879780701625846,
      "p_value": 0.01900833825739001,
      "conf_int_lower": -116.0154781499484,
      "conf_int_upper": -10.65115196947778
    },
    "avg_real_dm_inake_per_weight_per_day_log": {
      "value": 90.76116097366088,
      "std_err": 22.39957093779969,
      "t_stat": 4.051915156129162,
      "p_value": 0.00010680331198957026,
      "conf_int_lower": 46.26716499403637,
      "conf_int_upper": 135.2551569532854
    }
  },
  "diagnostics": {
    "normality": {
      "anderson_darling_stat": 0.322508888443906,
      "pvalue": 0.5227586093579776
    },
    "breusch_pagan": {
      "lm_stat": 5.943281964320978,
      "lm_pvalue": 0.11440252460290805,
      "f_stat": 2.0243228910087434,
      "f_pvalue": 0.11602682015388036
    },
    "white_test": {
      "stat": 13.736649572323474,
      "pvalue": 0.13200632237819424,
      "f_stat": 1.5964764319442295,
      "f_pvalue": 0.12927196151436146
    },
    "durbin_watson": 2.2748058619483893,
    "vif": {
      "Intercept": 227.06051967174594,
      "originWeight": 1.0296232044775508,
      "per_slobber_dm_log": 1.0538381437402622,
      "avg_real_dm_inake_per_weight_per_day_log": 1.0423977405048033
    },
    "reset": {
      "fvalue": NaN,
      "pvalue": 0.2976105151884456
    },
    "influence": {
      "cooks_distance_max": 0.08522566041585367,
      "cooks_distance_mean": 0.009799864419522282,
      "leverage_max": 0.23660314402281235,
      "leverage_mean": 0.042105263157894736,
      "cooks_distance_array": [
        0.0020035285777334597,
        0.00029935043285088934,
        0.0179065855180703,
        0.008401731131162311,
        0.02949547141062939,
        0.003717666360123358,
        0.00174289454638853,
        0.0013907680635229234,
        0.0003996120500675878,
        0.04426619772866387,
        0.014752625756196406,
        0.08522566041585367,
        0.00836261542571379,
        1.9711906461555375e-05,
        0.009117010480825206,
        0.00117444966961347,
        0.010416781790024565,
        0.0008231130426954896,
        0.022523094826210698,
        0.0004097296022299556,
        0.0045667012554265795,
        0.02475967260830136,
        0.04503911663091473,
        0.005323892263794885,
        0.013941190238727048,
        0.015492629795215417,
        0.0038502500129775304,
        0.014076690988723927,
        9.87299048324297e-07,
        0.02027268362460952,
        0.0351158625961605,
        0.012888767474709963,
        0.00014791578242959384,
        0.0006819768738942903,
        0.01988557700625089,
        0.000741528355372661,
        0.00020598385827012814,
        0.00045143528439677797,
        0.00850620800597476,
        0.01783221683940551,
        0.03804695138188631,
        0.0010677643993563515,
        0.02276922124896024,
        0.0005376832218330356,
        2.3228847269070264e-05,
        0.0053471750039445305,
        0.0010279570813031716,
        7.964770222964893e-05,
        0.00727860833788749,
        0.03204228507467791,
        2.0650963703032543e-05,
        0.0025983953098050335,
        0.003177495664419291,
        0.013656614746172364,
        0.003283977215927237,
        0.0006989754780668494,
        0.020402884333795914,
        0.007453328202779494,
        0.009821822970324058,
        0.003586871504026172,
        0.006707408814587838,
        0.00837384036468486,
        0.002335261556947277,
        0.0008198262300217205,
        0.011985835818490586,
        0.00041944238608406355,
        4.900031417757202e-08,
        0.009867165185129598,
        0.039314903697487864,
        0.01412627480596509,
        0.006542362375215178,
        0.019366721491921954,
        0.010684389984868467,
        0.02296197016796524,
        0.011484342260132433,
        0.0018770438352989018,
        0.002944813160429609,
        0.004614940008728277,
        0.0013864881265041175,
        0.009436554542547264,
        0.0011887211937405345,
        0.017743941761839896,
        0.0006381228324263143,
        0.0034122700572763766,
        0.0007593156196430255,
        0.00024203459010656742,
        0.0032607938026560407,
        0.0008360319076924057,
        0.00019010970480804276,
        0.004563416923846298,
        0.0004734698394138655,
        0.002705562494720981,
        0.023561534407717393,
        0.0006877104550283935,
        0.0063230262323669875
      ],