{
  "title": "_simental_book_fcr_1",
  "n": 1,
  "formula": "pred_adgLatest_average ~ metabolic_weight + total_tdn_greens_over_mw_dt + tdn_slobber_over_mw_dt + day_diff + C(cow_id)",
  "independent_variables": [
    "metabolic_weight",
    "total_tdn_greens_over_mw_dt",
    "tdn_slobber_over_mw_dt",
    "day_diff"
  ],
  "dependent_variable": "pred_adgLatest_average",
  "summary": {
    "r_squared": 0.9232944676685957,
    "adj_r_squared": 0.9139019535055666,
    "f_statistic": 98.3010993268315,
    "f_pvalue": 1.38203758355871e-25,
    "aic": -102.42388440677391,
    "bic": -88.24642257162786,
    "n_observations": 56
  },
  "coefficients": {
    "Intercept": {
      "value": 3.1234760876618286,
      "std_err": 0.3246157193269385,
      "t_stat": 9.622072813165287,
      "p_value": 7.118693426122302e-13,
      "conf_int_lower": 2.4711363765195173,
      "conf_int_upper": 3.77581579880414
    },
    "C(cow_id)[T.HdbJycZ4RoMW0B0FykPa]": {
      "value": 0.8532128589873387,
      "std_err": 0.09684502001126497,
      "t_stat": 8.810085008894555,
      "p_value": 1.1333583043307112e-11,
      "conf_int_lower": 0.6585955049334149,
      "conf_int_upper": 1.0478302130412624
    },
    "C(cow_id)[T.swfkCAh93xbCh119cCk6]": {
      "value": 0.7659253871597813,
      "std_err": 0.09960385711695019,
      "t_stat": 7.689716134792526,
      "p_value": 5.712718557080995e-10,
      "conf_int_lower": 0.5657639423749992,
      "conf_int_upper": 0.9660868319445635
    },
    "metabolic_weight": {
      "value": -0.026814744558777873,
      "std_err": 0.0018213971824932182,
      "t_stat": -14.722074249655162,
      "p_value": 1.2811812511410295e-19,
      "conf_int_lower": -0.03047497923369321,
      "conf_int_upper": -0.023154509883862535
    },
    "total_tdn_greens_over_mw_dt": {
      "value": 15.869026081024323,
      "std_err": 4.881355566742013,
      "t_stat": 3.2509465586043884,
      "p_value": 0.002083377602146346,
      "conf_int_lower": 6.059574810476608,
      "conf_int_upper": 25.678477351572038
    },
    "tdn_slobber_over_mw_dt": {
      "value": -1.392884686425933,
      "std_err": 2.9371039796922047,
      "t_stat": -0.47423744479482166,
      "p_value": 0.6374371783396522,
      "conf_int_lower": -7.295216112889129,
      "conf_int_upper": 4.509446740037262
    },
    "day_diff": {
      "value": -0.04827992662339605,
      "std_err": 0.011391509264750358,
      "t_stat": -4.2382379280322775,
      "p_value": 9.918613163291499e-05,
      "conf_int_lower": -0.07117202155536669,
      "conf_int_upper": -0.02538783169142542
    }
  },
  "diagnostics": {
    "normality": {
      "anderson_darling_stat": 0.5394126255715506,
      "pvalue": 0.1594603674899523
    },
    "breusch_pagan": {
      "lm_stat": 5.545555856456878,
      "lm_pvalue": 0.47596785100356964,
      "f_stat": 0.8976157983668982,
      "f_pvalue": 0.5042427003018454
    },
    "white_test": {
      "stat": 37.910493939951415,
      "pvalue": 0.03541129806958125,
      "f_stat": 2.70696840347958,
      "f_pvalue": 0.004871753861294378
    },
    "durbin_watson": 0.47427158301865674,
    "vif": {
      "Intercept": 705.1911520571399,
      "C(cow_id)[T.HdbJycZ4RoMW0B0FykPa]": 15.371190827194784,
      "C(cow_id)[T.swfkCAh93xbCh119cCk6]": 16.40762507053862,
      "metabolic_weight": 3.567702996864794,
      "total_tdn_greens_over_mw_dt": 3.0027568552673114,
      "tdn_slobber_over_mw_dt": 1.862525675189294,
      "day_diff": 1.1450639895326293
    },
    "reset": {
      "fvalue": NaN,
      "pvalue": 0.0002525485001253368
    },
    "influence": {
      "cooks_distance_max": 0.24172907161840482,
      "cooks_distance_mean": 0.0200379742501487,
      "leverage_max": 0.6490875141193766,
      "leverage_mean": 0.12499999999999988,
      "cooks_distance_array": [
        0.15900114750781938,
        0.0006187746055214088,
        0.006746085853689514,
        0.0002848503423000934,
        1.1303751466065513e-05,
        0.0686258402069137,
        0.24172907161840482,
        0.06953511441282004,
        0.008197153243447646,
        0.0016260045568915829,
        0.002641720704984175,
        0.00013493888262950846,
        4.852301188041608e-05,
        0.0006287616152750625,
        0.011353579002855807,
        0.03154295075322352,
        0.03583400043951432,
        0.008947277503486627,
        0.00682504880235346,
        0.006065814759323478,
        0.015720130080174095,
        0.01611634097993272,
        0.018861968891707437,
        0.01861400043499258,
        0.026107399205362817,
        0.037002680374530986,
        0.01651523557600364,
        0.0027649833519818763,
        6.289898963079545e-05,
        0.01030264198290722,
        0.00028019179494260686,
        0.0037378245802577727,
        0.0066648321252073695,
        0.003185855457841211,
        0.000903851894272144,
        0.006940798924102513,
        5.53037824661925e-05,
        0.014908140881266655,
        0.03345945572404968,
        0.03479842659717602,
        0.02821677082109975,
        0.03746246223150454,
        0.011395716658125308,
        0.004374574476422138,
        0.0068337592418816345,
        3.7795694371553243e-05,
        0.0006492862978188236,
        0.010948213324556142,
        0.025228621443273043,
        0.025741213641061682,
        0.014947939058643727,
        0.013683346424156145,
        0.007953606623449603,
        0.0003155046621553889,
        0.004544509473100112,
        0.002392314733100938
      ],
      "leverage_array": [
        0.17227565557046615,
        0.18146184498646806,
        0.1688887031135739,
        0.17431252234505207,
        0.17891100521086573,
        0.18182576096146172,
        0.6490875141193766,
        0.1793199246953745,
        0.17741939403889156,
        0.15219267213339402,
        0.08758248455389295,
        0.07920161187668931,
        0.08727954105126828,
        0.07588173953009057,
        0.08323784568642613,
        0.07563764754468166,
        0.09824019629311724,
        0.07707833892512368,
        0.1241649691447515,
        0.11281464853949387,
        0.15681173019043732,
        0.14663043314842986,
        0.0601399381982482,
        0.06139284360910121,
        0.07309536338708347,
        0.08453775858785009,
        0.07831501432034547,
        0.09882271840984039,
        0.1956841220673195,
        0.10155429726647064,
        0.14742687281279504,
        0.14444654161648968,
        0.15220219925841477,
        0.15268968115051032,
        0.13058802011097953,
        0.07530378070181964,
        0.0721259627202962,
        0.07735781279690464,
        0.0674568592706781,
        0.09123941660128106,
        0.09488063067515178,
        0.10557502447925828,
        0.07252365892570604,
        0.10593595334993565,
        0.11151323722408862,
        0.17622854028713916,
        0.1681979645957501,
        0.05946233781569734,
        0.06415445399095271,
        0.06813543609577222,
        0.07473310271957954,
        0.0717679299094569,
        0.10154387283786373,
        0.19964788072991302,
        0.08438180119948643,
        0.15668278861848672
      ],