{
  "title": "_simental_book_fcr_1",
  "n": 2,
  "formula": "pred_adgLatest_average ~ metabolic_weight + total_tdn_greens_over_mw_dt + tdn_slobber_over_mw_dt + day_diff",
  "group_col": "cow_id",
  "independent_variables": [
    "metabolic_weight",
    "total_tdn_greens_over_mw_dt",
    "tdn_slobber_over_mw_dt",
    "day_diff"
  ],
  "dependent_variable": "pred_adgLatest_average",
  "summary": {
    "aic": -30.242096346993577,
    "bic": -21.171238284963273,
    "llf": 22.12104817349679,
    "scale": 0.006599312127468512,
    "n_groups": 3
  },
  "fixed_effect_params": {
    "Intercept": 3.057086516394211,
    "metabolic_weight": -0.025365552389085503,
    "total_tdn_greens_over_mw_dt": 20.847447131892256,
    "tdn_slobber_over_mw_dt": -0.8957497870914596,
    "day_diff": -0.007429733343761369
  },
  "variance_components": null,
  "random_effects": {
    "A-021": -0.4767825461410753,
    "HdbJycZ4RoMW0B0FykPa": 0.2823993780478905,
    "swfkCAh93xbCh119cCk6": 0.1943831680931914
  },
  "diagnostics": {
    "residual_normality": {
      "anderson_darling_stat": 0.40812206406073415,
      "pvalue": 0.32406225194881605
    },
    "durbin_watson": 0.8221036714964721,
    "groups": 3,
    "n_obs": 27
  },
  "cross_validation": null
}