{
  "title": "Panel_Cut_Kal_limousine_book_adg_1_final",
  "n": 1,
  "group_col": "cow_id",
  "time_col": "pred_date",
  "entity_effects": true,
  "time_effects": false,
  "independent_variables": [
    "hasBEF_dmi_dt",
    "mw_dmi_dt_ratio",
    "tdn_silage_dt",
    "tdn_rumput_dt",
    "tdn_slobber_dt",
    "day_diff_dmi"
  ],
  "dependent_variable": "pred_adgLatest_average",
  "summary": {
    "r2": 0.6173818898830281,
    "r2_within": 0.6173818898830281,
    "r2_between": 0.8831736936562995,
    "r2_overall": 0.8876095912355804,
    "f_statistic": 69.92145567831516,
    "f_pvalue": 1.1102230246251565e-16,
    "n_entities": 19,
    "n_obs": 285,
    "mean_fixed_effect": 0.9100872691839238
  },
  "coefficients": {
    "hasBEF_dmi_dt": -0.003859474863405238,
    "mw_dmi_dt_ratio": -0.0005610305438553435,
    "tdn_silage_dt": 0.3521736792232718,
    "tdn_rumput_dt": 0.5322282919335901,
    "tdn_slobber_dt": 0.2421755208622102,
    "day_diff_dmi": -0.00017894703253816337
  },
  "std_errors": {
    "hasBEF_dmi_dt": 0.0069635708259184565,
    "mw_dmi_dt_ratio": 0.00010264927256481681,
    "tdn_silage_dt": 0.07977410220428664,
    "tdn_rumput_dt": 0.10976320054729088,
    "tdn_slobber_dt": 0.04769792136314347,
    "day_diff_dmi": 3.0390852627959564e-05
  },
  "pvalues": {
    "hasBEF_dmi_dt": 0.5798924338378804,
    "mw_dmi_dt_ratio": 1.0811161210710907e-07,
    "tdn_silage_dt": 1.4845656306050614e-05,
    "tdn_rumput_dt": 2.1393589533236224e-06,
    "tdn_slobber_dt": 7.306438363219314e-07,
    "day_diff_dmi": 1.2016896144828593e-08
  },
  "diagnostics": {
    "residual_normality": {
      "anderson_darling_stat": 0.8443219764046717,
      "pvalue": 0.02942171304011183
    },
    "durbin_watson": 0.7193378838558515,
    "n_entities": 19,
    "n_obs": 285,
    "mean_fixed_effect": 0.9100872691839238
  },
  "cross_validation": null
}