{
  "title": "Panel_Cut_Kal_limousine_book_adg_1_final",
  "n": 1,
  "group_col": "cow_id",
  "time_col": "pred_date",
  "entity_effects": true,
  "time_effects": false,
  "independent_variables": [
    "hasBEF_dmi_dt",
    "mw_dmi_dt_ratio",
    "tdn_silage_dt",
    "tdn_rumput_dt",
    "tdn_slobber_dt",
    "day_diff_dmi"
  ],
  "dependent_variable": "pred_adgLatest_average",
  "summary": {
    "r2": 0.6095221133694091,
    "r2_within": 0.6095221133694091,
    "r2_between": 0.8509700757502122,
    "r2_overall": 0.8762000664616315,
    "f_statistic": 54.37359624188019,
    "f_pvalue": 1.1102230246251565e-16,
    "n_entities": 16,
    "n_obs": 231,
    "mean_fixed_effect": 0.9353924210390544
  },
  "coefficients": {
    "hasBEF_dmi_dt": -0.005683826095069094,
    "mw_dmi_dt_ratio": -0.0005528394139441515,
    "tdn_silage_dt": 0.36215976616719464,
    "tdn_rumput_dt": 0.562520841247301,
    "tdn_slobber_dt": 0.2588482670072208,
    "day_diff_dmi": -0.00018165571176710093
  },
  "std_errors": {
    "hasBEF_dmi_dt": 0.007209773484105546,
    "mw_dmi_dt_ratio": 0.00011615095908990862,
    "tdn_silage_dt": 0.08836581508495452,
    "tdn_rumput_dt": 0.12073043768368857,
    "tdn_slobber_dt": 0.05501058688757731,
    "day_diff_dmi": 2.8542643850323024e-05
  },
  "pvalues": {
    "hasBEF_dmi_dt": 0.43138517743237914,
    "mw_dmi_dt_ratio": 3.6171662933792703e-06,
    "tdn_silage_dt": 5.952228261874026e-05,
    "tdn_rumput_dt": 5.64419943982486e-06,
    "tdn_slobber_dt": 4.604486802506358e-06,
    "day_diff_dmi": 1.2206053945362783e-09
  },
  "diagnostics": {
    "residual_normality": {
      "anderson_darling_stat": 0.940412580932275,
      "pvalue": 0.016971577374830096
    },
    "durbin_watson": 0.6889852000834502,
    "n_entities": 16,
    "n_obs": 231,
    "mean_fixed_effect": 0.9353924210390544
  },
  "cross_validation": null
}