{
  "title": "Simental_book_adg_1",
  "n": 1,
  "formula": "pred_adgLatest_average ~ metabolic_weight + total_tdn_greens_over_mw_dt + tdn_slobber_over_mw_dt + day_diff",
  "independent_variables": [
    "metabolic_weight",
    "total_tdn_greens_over_mw_dt",
    "tdn_slobber_over_mw_dt",
    "day_diff"
  ],
  "dependent_variable": "pred_adgLatest_average",
  "summary": {
    "r_squared": 0.787178314987539,
    "adj_r_squared": 0.7704864181238166,
    "f_statistic": 47.1593085803426,
    "f_pvalue": 1.5421698557348693e-16,
    "aic": -49.27695847143059,
    "bic": -39.15020001775484,
    "n_observations": 56
  },
  "coefficients": {
    "Intercept": {
      "value": 1.2188499058908273,
      "std_err": 0.36919251311441337,
      "t_stat": 3.301393886915317,
      "p_value": 0.001761361075201889,
      "conf_int_lower": 0.47766500844021464,
      "conf_int_upper": 1.9600348033414399
    },
    "metabolic_weight": {
      "value": -0.013943554899830554,
      "std_err": 0.0015941752512405693,
      "t_stat": -8.746563396326618,
      "p_value": 1.0091706781196649e-11,
      "conf_int_lower": -0.01714399526126029,
      "conf_int_upper": -0.010743114538400817
    },
    "total_tdn_greens_over_mw_dt": {
      "value": 47.49176489505181,
      "std_err": 4.89577944471355,
      "t_stat": 9.70055236992616,
      "p_value": 3.5990933805360325e-13,
      "conf_int_lower": 37.66307753879901,
      "conf_int_upper": 57.32045225130461
    },
    "tdn_slobber_over_mw_dt": {
      "value": 13.961936370933522,
      "std_err": 3.7248722060967956,
      "t_stat": 3.7482994310733417,
      "p_value": 0.00045513180761807084,
      "conf_int_lower": 6.4839433834730515,
      "conf_int_upper": 21.439929358393993
    },
    "day_diff": {
      "value": -0.06462346399023075,
      "std_err": 0.018335139214767527,
      "t_stat": -3.5245690383513195,
      "p_value": 0.0009056121758884004,
      "conf_int_lower": -0.10143279190427948,
      "conf_int_upper": -0.027814136076182022
    }
  },
  "diagnostics": {
    "normality": {
      "anderson_darling_stat": 0.5416144857089975,
      "pvalue": 0.15741137196572522
    },
    "breusch_pagan": {
      "lm_stat": 13.096552101776187,
      "lm_pvalue": 0.010813533242054738,
      "f_stat": 3.8920191144954415,
      "f_pvalue": 0.007808914014023014
    },
    "white_test": {
      "stat": 32.169705883110595,
      "pvalue": 0.003789341380303813,
      "f_stat": 3.9534250417854855,
      "f_pvalue": 0.00028939476223342503
    },
    "durbin_watson": 0.57865979314392,
    "vif": {
      "Intercept": 342.1830077196445,
      "metabolic_weight": 1.0900076726526005,
      "total_tdn_greens_over_mw_dt": 1.1330990515228234,
      "tdn_slobber_over_mw_dt": 1.1237540932028625,
      "day_diff": 1.1128088020213593
    },
    "reset": {
      "fvalue": NaN,
      "pvalue": 0.01795321137525011
    },
    "influence": {
      "cooks_distance_max": 0.4021097919045313,
      "cooks_distance_mean": 0.024502229264782828,
      "leverage_max": 0.6463988401514198,
      "leverage_mean": 0.08928571428571394,
      "cooks_distance_array": [
        0.08177767060202867,
        0.0015947239624055157,
        0.055780076090238856,
        0.04132726345991193,
        0.05024611466526444,
        0.13685430085917183,
        0.4021097919045313,
        0.01167544102147625,
        0.027527588896179903,
        0.04720175600790849,
        0.0060820887456347296,
        0.007269320932720433,
        0.0004836214099174332,
        0.00014894899010514052,
        0.003568718625551043,
        0.007964040306666855,
        0.017905235076938527,
        0.0011971819096954685,
        0.01177389774769662,
        0.005093743734425714,
        0.07109812182915357,
        0.06891351888012923,
        0.014648820448365638,
        0.009632001715378632,
        0.007798952170846517,
        0.0073290485749087884,
        0.0052209975907908076,
        0.0001984783052323595,
        2.1323755130640054e-05,
        0.009057264943293775,
        0.01079115852136042,
        0.00575643771029091,
        0.013551194937665514,
        0.0064207425465045405,
        0.0043829952723208705,
        0.001313653205703147,
        0.00014503535598250474,
        5.700118814564942e-05,
        0.0043208080755499,
        3.344795016065555e-05,
        0.0008479162938273562,
        0.0016083613332828512,
        1.9583248400576725e-07,
        0.0028786010274475743,
        0.002876861421608407,
        0.021074323199748335,
        0.014030555734829473,
        0.009102846245870507,
        0.02075444902921231,
        0.024596890027646916,
        0.02215120948893592,
        0.018269005061321043,
        0.031949087713772764,
        0.024366425218283794,
        0.019247110875115554,
        9.847239906826109e-05
      ],
      "leverage_array": [
        0.17187427662351817,
        0.1803395311169752,
        0.13499410692789643,
        0.12267795077765523,
        0.11607860302475867,
        0.11255507586456157,
        0.6463988401514198,
        0.11279134200122498,
        0.132843964440339,
        0.10622207944466894,
        0.05240672694071269,
        0.05308952140392278,
        0.06290179991602371,
        0.05285149490330715,
        0.05506774478376083,
        0.05017400233592015,
        0.055967770314764353,
        0.052647629484434,
        0.08155659462642603,
        0.08226099818804627,
        0.06767787799771141,
        0.07645458809555186,
        0.038254389121608584,
        0.038732464332033645,
        0.04511257427753777,
        0.05040693386977355,
        0.05039040842131767,
        0.05400684477235909,
        0.16720699853945953,
        0.05543223170627574,
        0.12315266817029191,
        0.06980753041510337,
        0.10588168982788626,
        0.1154205388712582,
        0.0902026344398906,
        0.047806639520451534,
        0.05163941855381997,
        0.0566685967049123,
        0.04872485395543671,
        0.058774613548317214,
        0.05761577413499967,
        0.05892648501115904,
        0.052264364423997234,
        0.07992722016164337,
        0.08897793136243404,
        0.0830388598284462,
        0.08855462110641912,
        0.0403286478188197,
        0.044163844755518905,
        0.04643498643230752,
        0.05013255988946425,
        0.05004666934479763,
        0.05923777837631174,
        0.17614411687986237,
        0.0527848575253215,
        0.12396673453714502
      ],