{
  "title": "book_adg",
  "n": 3,
  "formula": "pred_adgLatest_average ~ metabolic_weight + tdn_silage_over_mw_dt + tdn_rumput_over_mw_dt + tdn_slobber_over_mw_dt + day_diff_2",
  "independent_variables": [
    "metabolic_weight",
    "tdn_silage_over_mw_dt",
    "tdn_rumput_over_mw_dt",
    "tdn_slobber_over_mw_dt",
    "day_diff_2"
  ],
  "dependent_variable": "pred_adgLatest_average",
  "summary": {
    "r_squared": 0.3846861403941524,
    "adj_r_squared": 0.3564607339902145,
    "f_statistic": 13.629073568998521,
    "f_pvalue": 2.499087579776844e-10,
    "aic": 150.24552701255746,
    "bic": 166.71511978273696,
    "n_observations": 115
  },
  "coefficients": {
    "Intercept": {
      "value": -0.5776356011010014,
      "std_err": 0.9221640470497988,
      "t_stat": -0.6263913703304548,
      "p_value": 0.5323678981426347,
      "conf_int_lower": -2.405334762513255,
      "conf_int_upper": 1.250063560311252
    },
    "metabolic_weight": {
      "value": -0.006378569805503798,
      "std_err": 0.00315689992269143,
      "t_stat": -2.0205169507133816,
      "p_value": 0.04578174944160394,
      "conf_int_lower": -0.012635442820478269,
      "conf_int_upper": -0.00012169679052932616
    },
    "tdn_silage_over_mw_dt": {
      "value": 67.22940597845435,
      "std_err": 13.03798836930812,
      "t_stat": 5.1564247546588335,
      "p_value": 1.134381905499813e-06,
      "conf_int_lower": 41.388536899549216,
      "conf_int_upper": 93.07027505735948
    },
    "tdn_rumput_over_mw_dt": {
      "value": 79.24781679473153,
      "std_err": 29.969049036551024,
      "t_stat": 2.644322036981516,
      "p_value": 0.009393435644010628,
      "conf_int_lower": 19.85013590740772,
      "conf_int_upper": 138.64549768205535
    },
    "tdn_slobber_over_mw_dt": {
      "value": 32.72119608309439,
      "std_err": 8.940505673741276,
      "t_stat": 3.659882033205149,
      "p_value": 0.0003906858716742716,
      "conf_int_lower": 15.001404496363836,
      "conf_int_upper": 50.44098766982495
    },
    "day_diff_2": {
      "value": -0.0010869659991112797,
      "std_err": 0.00038180313784086546,
      "t_stat": -2.846927883458947,
      "p_value": 0.00527620355599354,
      "conf_int_lower": -0.0018436874057729223,
      "conf_int_upper": -0.00033024459244963714
    }
  },
  "diagnostics": {
    "normality": {
      "anderson_darling_stat": 0.26562999582533564,
      "pvalue": 0.6865140870853894
    },
    "breusch_pagan": {
      "lm_stat": 3.874861834243602,
      "lm_pvalue": 0.5675699522404517,
      "f_stat": 0.7601519276449439,
      "f_pvalue": 0.5804733688054333
    },
    "white_test": {
      "stat": 17.44414597163092,
      "pvalue": 0.6239735613614248,
      "f_stat": 0.8404158508296539,
      "f_pvalue": 0.6596173051039991
    },
    "durbin_watson": 2.1639797432282726,
    "vif": {
      "Intercept": 475.81334218956187,
      "metabolic_weight": 1.8357707783823258,
      "tdn_silage_over_mw_dt": 5.8508048661483265,
      "tdn_rumput_over_mw_dt": 7.915335661864237,
      "tdn_slobber_over_mw_dt": 1.5720423815642726,
      "day_diff_2": 1.0518255161138348
    },
    "reset": {
      "fvalue": NaN,
      "pvalue": 0.10944616380506374
    },
    "influence": {
      "cooks_distance_max": 0.2027906070534463,
      "cooks_distance_mean": 0.010114953213159176,
      "leverage_max": 0.4010210434779878,
      "leverage_mean": 0.05217391304347838,
      "cooks_distance_array": [
        0.002628157417806247,
        0.02784825688983135,
        0.00629818773222083,
        1.1898809164013672e-07,
        0.005514082483170915,
        0.005726823980428031,
        0.0005931050107265876,
        0.00027546469564834557,
        7.119792131777366e-05,
        6.546556419490297e-08,
        0.010800067962278781,
        0.012564281356548966,
        0.019046793367614178,
        0.002270191051262797,
        3.056229610793886e-05,
        0.00123511760126217,
        0.00012376130882460273,
        0.005147832003333604,
        0.030789156546996887,
        0.0034542644437902006,
        0.2027906070534463,
        0.014171698057567846,
        0.014672595085830844,
        0.0075271946583248634,
        0.0014618400473983533,
        0.008383502466902894,
        0.02342900779251384,
        0.007374265968886341,
        0.020138545615187152,
        0.00501592232113293,
        0.018137552159827805,
        0.007082417792490527,
        0.0003777378118727985,
        0.0062670063314156236,
        2.478936280248107e-08,
        3.673480574007571e-05,
        0.0015860395180628992,
        0.008614393077821811,
        0.007534805990421919,
        0.001675727113122698,
        3.089823194550604e-05,
        0.021722328920217693,
        0.019195364219272665,
        0.0010041088494823955,
        0.013478205968099127,
        3.7609285976029694e-05,
        0.006684893285381179,
        0.0048725418727074655,
        0.02547301226650008,
        0.00764020914018328,
        0.00023796654814355658,
        0.007658993610138178,
        5.231157422610342e-05,
        0.0018771009500768902,
        0.005841640999996904,
        0.021589859973265135,
        0.004028647519019041,
        0.000691581806739379,
        0.004375111318830765,
        0.0029673035590734444,
        0.0028652812839191004,
        0.00028927853469417117,
        5.857842046381951e-05,
        9.749980574094573e-05,
        0.0002506283851642274,
        0.0030038884258450443,
        0.0003285547171427841,
        0.017452923881513812,
        0.016767555974104984,
        0.00186928198633249,
        0.0017812736650227846,
        0.0001829097031649852,
        0.0003312873842151131,
        0.003942918577041251,
        0.0349096514340975,
        0.0007181569312135572,
        9.327646908698794e-05,
        0.0001917703123176141,
        2.067445734723804e-06,
        0.009052150953911086,
        0.05263310008858109,
        0.017838292604591556,
        0.005377155138762938,
        0.002537580997997474,
        0.13831526090771878,
        0.004739404360700615,
        0.007133512050622626,
        0.0003103032592296064,
        0.0023427513448714527,
        0.0021813335919917834,
        0.013012413098145643,
        0.0018660335889251578,
        0.025176094429787542,
        0.012597108304077802,
        0.009519285406215848,
        0.001596720192486785,
        0.0026977353838131706,
        0.0041039531270756005,
        0.000436945665861728,
        0.005275568134988661,
        0.004758531026706134,
        0.0022536330952072415,
        0.0027522693719992716,
        0.005787683489150018,
        0.0005608802698044957,
        0.010404249096596195,
        0.0056735636998931065,
        0.009402224533372104,
        0.004275744191579408,
        0.023960703804104796,
        0.002367155275468923,
        0.006588025557610672,
        0.01343736036146475,
        0.025873350842894077,
        0.0010899620508497301
      ],