{
  "title": "book_adg",
  "n": 4,
  "formula": "pred_adgLatest_average ~ metabolic_weight_Limousin + metabolic_weight_Simental + metabolic_weight_Other + tdn_silage_over_mw_dt + tdn_rumput_over_mw_dt + tdn_slobber_over_mw_dt + day_diff_2",
  "independent_variables": [
    "metabolic_weight_Limousin",
    "metabolic_weight_Simental",
    "metabolic_weight_Other",
    "tdn_silage_over_mw_dt",
    "tdn_rumput_over_mw_dt",
    "tdn_slobber_over_mw_dt",
    "day_diff_2"
  ],
  "dependent_variable": "pred_adgLatest_average",
  "summary": {
    "r_squared": 0.45087267337172854,
    "adj_r_squared": 0.4022158216451728,
    "f_statistic": 9.266375800587472,
    "f_pvalue": 2.5228967604173692e-08,
    "aic": 88.69036642095853,
    "bic": 108.4176313701952,
    "n_observations": 87
  },
  "coefficients": {
    "Intercept": {
      "value": -1.5986671238118648,
      "std_err": 0.9399741640730462,
      "t_stat": -1.700756451522673,
      "p_value": 0.09292223033132652,
      "conf_int_lower": -3.469638896301949,
      "conf_int_upper": 0.272304648678219
    },
    "metabolic_weight_Limousin": {
      "value": -0.003857737179532677,
      "std_err": 0.003240054725917211,
      "t_stat": -1.1906395125596556,
      "p_value": 0.2373605124394503,
      "conf_int_lower": -0.01030690478989171,
      "conf_int_upper": 0.002591430430826356
    },
    "metabolic_weight_Simental": {
      "value": -0.005389660884998759,
      "std_err": 0.0035712245410374705,
      "t_stat": -1.509191265647222,
      "p_value": 0.13523918028933424,
      "conf_int_lower": -0.012498005523485786,
      "conf_int_upper": 0.001718683753488267
    },
    "metabolic_weight_Other": {
      "value": -0.003652089358051008,
      "std_err": 0.0035378407128680376,
      "t_stat": -1.0322933264822858,
      "p_value": 0.3050846701281817,
      "conf_int_lower": -0.0106939851487399,
      "conf_int_upper": 0.0033898064326378843
    },
    "tdn_silage_over_mw_dt": {
      "value": 75.16187703601278,
      "std_err": 14.685597786453158,
      "t_stat": 5.11806724717372,
      "p_value": 2.1196066202028456e-06,
      "conf_int_lower": 45.93092583461198,
      "conf_int_upper": 104.39282823741358
    },
    "tdn_rumput_over_mw_dt": {
      "value": 104.3300980822383,
      "std_err": 35.41767858215746,
      "t_stat": 2.945706840730019,
      "p_value": 0.004232184801053852,
      "conf_int_lower": 33.83297230251988,
      "conf_int_upper": 174.82722386195672
    },
    "tdn_slobber_over_mw_dt": {
      "value": 35.060338399730426,
      "std_err": 9.943001566842772,
      "t_stat": 3.5261322412587357,
      "p_value": 0.0007053500151701125,
      "conf_int_lower": 15.269288840689736,
      "conf_int_upper": 54.85138795877111
    },
    "day_diff_2": {
      "value": -0.00034226528210684864,
      "std_err": 0.00025302334560729566,
      "t_stat": -1.3527023812184538,
      "p_value": 0.18000973374452892,
      "conf_int_lower": -0.0008458956535640207,
      "conf_int_upper": 0.00016136508935032338
    }
  },
  "diagnostics": {
    "normality": {
      "anderson_darling_stat": 0.7539374901474218,
      "pvalue": 0.04792337037675223
    },
    "breusch_pagan": {
      "lm_stat": 10.392295774609185,
      "lm_pvalue": 0.16741076392821086,
      "f_stat": 1.5309750118579115,
      "f_pvalue": 0.16900373618330053
    },
    "white_test": {
      "stat": 39.30065651593066,
      "pvalue": 0.17537132438183567,
      "f_stat": 1.3903725507832732,
      "f_pvalue": 0.14055071621196294
    },
    "durbin_watson": 2.0968731521282233,
    "vif": {
      "Intercept": 516.9766388513048,
      "metabolic_weight_Limousin": 15.770815363515013,
      "metabolic_weight_Simental": 10.538433414507633,
      "metabolic_weight_Other": 10.276631328639567,
      "tdn_silage_over_mw_dt": 8.689987878056968,
      "tdn_rumput_over_mw_dt": 14.098568178926069,
      "tdn_slobber_over_mw_dt": 1.7007044022308453,
      "day_diff_2": 1.6633901995832325
    },
    "reset": {
      "fvalue": NaN,
      "pvalue": 0.38681643276440114
    },
    "influence": {
      "cooks_distance_max": 0.27853441755956876,
      "cooks_distance_mean": 0.01339662153792432,
      "leverage_max": 0.2399840323599816,
      "leverage_mean": 0.0919540229884983,
      "cooks_distance_array": [
        0.000929941002287043,
        0.02575662712327562,
        0.00019155108410188915,
        0.007796756845525376,
        0.0071388420942997905,
        0.0002189713018086406,
        0.00047421850388916286,
        0.07636727327294993,
        0.01038957885021115,
        1.063367949213349e-07,
        5.4690008509290155e-06,
        0.00022951116491082415,
        0.045373703635613966,
        0.014040365590266526,
        0.055587057734065345,
        0.012649495686353202,
        0.0025845648364545074,
        0.0005493333811063995,
        0.0006930591136113811,
        0.0003662851531986323,
        0.017096657796759385,
        0.011216672550622354,
        0.0009032809483363122,
        0.018030533956239995,
        0.0025092620441190617,
        0.014110211923556042,
        0.0032450605291095337,
        0.002613035693606802,
        0.0076731532292077685,
        0.0072932768025387885,
        0.00041800748623236153,
        0.016197329657612523,
        0.06272546603011753,
        0.03626705457495267,
        0.0026968166252450475,
        5.361182369544986e-06,
        0.0018944064384083556,
        0.0007790410912201541,
        0.002695601723432441,
        0.006375218349005345,
        0.01190477709511148,
        0.0014362448171627686,
        0.003692208131646797,
        0.004413629363075587,
        0.0005550538326428386,
        0.0011163614822202654,
        0.0022946892988309066,
        6.882719961193794e-05,
        0.00034950106154857944,
        0.007630348773399147,
        0.003164212786391563,
        0.021552323956598687,
        0.010399570855711077,
        0.006720005503958904,
        0.001874650574918365,
        0.0017997445904966518,
        0.021681178945634295,
        0.0024174497515658307,
        0.00041871186861722437,
        0.005593873601496843,
        0.006128662118867154,
        2.3224802131864897e-05,
        2.372169752010599e-05,
        0.010573346491027143,
        0.27853441755956876,
        6.206050736945136e-05,
        0.026235173070996334,
        0.00420689631509668,
        0.008729651442673203,
        0.0011406153032901354,
        0.09079823424075575,
        0.036898353967737094,
        0.005079761372092322,
        0.0008608070301987597,
        0.0037562379602642383,
        0.005406034261601659,
        2.066378253882019e-05,
        0.0018518631235276528,
        7.650271315592968e-06,
        2.0876585522709116e-05,
        0.004028994601279534,
        0.002923951177486906,
        0.0060031584970343475,
        0.026099717604643823,
        0.012258112395387868,
        0.04513620323935466,
        0.0035261605452262313
      ],